Rk,Player,Pos,Age,Tm,G,MP,PER,TS%,3PAr,FTr,ORB%,DRB%,TRB%,AST%,STL%,BLK%,TOV%,USG%,,OWS,DWS,WS,WS/48,,OBPM,DBPM,BPM,VORP
1,Mahmoud Abdul-Rauf,PG,26,DEN,57,2029,18.6,0.535,0.324,0.164,1.5,6.4,3.9,34.7,1.6,0.1,10.1,25.1,,4.4,1.1,5.5,0.131,,3.5,-1.6,1.9,1.9
2,Michael Adams,PG,33,CHH,21,329,16.1,0.579,0.494,0.422,1.8,6.4,4.1,30.4,3.3,0.9,20.3,17,,0.6,0.2,0.8,0.117,,1.6,1.2,2.8,0.4
3,Rafael Addison,SF,31,CHH,53,516,9.6,0.489,0.055,0.133,5.8,15.6,10.6,9.2,0.9,1.3,13.4,17.7,,0,0.2,0.2,0.019,,-3.9,-1,-4.9,-0.4
4,Cory Alexander,PG,22,SAS,60,560,8.7,0.506,0.426,0.161,1.9,6.3,4.2,31.6,2.5,0.3,29.1,18.8,,-0.5,0.7,0.2,0.021,,-4.2,-0.1,-4.3,-0.3
5,Jerome Allen,SG,23,MIN,41,362,7.8,0.447,0.314,0.343,1.7,6.6,4.1,20.8,3,1.1,22,19,,-0.5,0.3,-0.3,-0.033,,-4.3,-0.2,-4.6,-0.2
6,Derrick Alston,C,23,PHI,73,1614,11.8,0.518,0.008,0.289,8.8,12.9,10.8,6.5,1.8,2.4,11.9,13.7,,1,0.8,1.7,0.052,,-2.5,-0.2,-2.8,-0.3
7,John Amaechi,PF,25,CLE,28,357,3.1,0.456,0,0.471,4.8,14.8,9.7,4.1,1,2.7,28.7,16.8,,-0.9,0.4,-0.6,-0.075,,-8.3,-0.9,-9.1,-0.6
8,Ashraf Amaya,PF,24,VAN,54,1104,11.8,0.534,0.004,0.591,11.7,20.8,16.1,5.1,1.1,0.7,15.2,15.5,,0.7,1.1,1.8,0.078,,-3.3,-1.5,-4.8,-0.8
9,Greg Anderson,PF,31,SAS,46,344,7.7,0.466,0.021,0.532,9.8,22.1,16.2,4,1.3,5,27.5,10.5,,-0.3,0.7,0.4,0.056,,-6.2,2.6,-3.5,-0.1
10,Kenny Anderson,PG,25,TOT,69,2344,19.5,0.534,0.307,0.405,3,7.1,5,40.4,2.5,0.5,12.9,21.4,,6.1,1.6,7.7,0.158,,4.1,0.2,4.3,3.7
10,Kenny Anderson,PG,25,NJN,31,1042,19.8,0.511,0.261,0.495,3.8,6.9,5.3,40.4,2.6,0.6,11.1,21.8,,2.7,1,3.7,0.172,,4.2,1.2,5.4,1.9
10,Kenny Anderson,PG,25,CHH,38,1302,19.2,0.555,0.346,0.33,2.4,7.2,4.8,40.4,2.4,0.3,14.5,21.1,,3.4,0.6,4,0.148,,4.1,-0.6,3.4,1.8
11,Nick Anderson,SG,28,ORL,77,2717,16.5,0.562,0.476,0.265,4,13.5,8.9,15.6,2.3,1.2,12.3,19.1,,4.2,3.3,7.4,0.131,,2.3,0.6,2.9,3.4
12,Willie Anderson,SG,29,TOT,76,2060,11.3,0.507,0.182,0.247,2.8,11.4,7.1,15.1,1.9,2.2,16.3,18.9,,0,1.5,1.4,0.033,,-2.4,0.2,-2.2,-0.1
12,Willie Anderson,SG,29,TOR,49,1564,11.9,0.518,0.18,0.25,2.7,11.6,7.1,15.1,1.9,2.5,16.9,19.8,,0.1,0.8,0.9,0.027,,-2,-0.1,-2.1,0
12,Willie Anderson,SG,29,NYK,27,496,9.2,0.464,0.188,0.233,3.2,10.9,7.2,15,1.8,1.2,14.1,16,,-0.2,0.7,0.5,0.052,,-3.6,1.2,-2.4,-0.1
13,Greg Anthony,PG,28,VAN,69,2096,18.6,0.53,0.347,0.38,1.6,8.4,4.9,41.9,2.9,0.4,14.9,23.3,,2.9,1.9,4.8,0.111,,2.6,0.4,2.9,2.6
14,B.J. Armstrong,PG,28,GSW,82,2262,17.3,0.595,0.285,0.384,1.1,8.3,4.7,28.4,1.5,0.2,13.1,18.8,,6.2,0.8,7,0.149,,2.7,-0.8,1.8,2.2
15,Darrell Armstrong,PG,27,ORL,13,41,32.4,0.622,0.375,0.125,0,5.6,2.8,29.3,7.7,0,15.1,43.8,,0,0.1,0.1,0.158,,5.7,3.8,9.5,0.1
16,Vincent Askew,SG,29,SEA,69,1725,11.9,0.574,0.197,0.369,4.7,10,7.5,14.6,1.4,0.7,15.9,15.6,,2.2,2.2,4.3,0.12,,-0.5,0.4,-0.1,0.8
17,Keith Askins,SF,28,MIA,75,1897,10,0.55,0.606,0.146,7.1,12.7,9.9,9.8,1.3,2.5,16.5,11.9,,1.6,2.8,4.4,0.111,,-0.8,1.8,1,1.4
18,Stacey Augmon,SF,27,ATL,77,2294,15.9,0.556,0.005,0.43,6.8,9,7.8,10,2.5,1,13.6,19.9,,3.5,2.1,5.6,0.117,,0.1,0.3,0.4,1.4
19,Anthony Avent,PF,26,VAN,71,1586,6.9,0.415,0,0.165,7.7,18.9,13.1,7.4,1,2,17.6,17.5,,-2.8,1.6,-1.2,-0.037,,-6.5,-0.7,-7.3,-2.1
20,Vin Baker,PF,24,MIL,82,3319,18.4,0.527,0.034,0.335,9.5,20.5,14.9,11.4,1.1,2.1,11.6,25.6,,3.7,2.4,6.2,0.089,,1.2,-1.1,0.1,1.8
21,Steve Bardo,SG,27,DET,9,123,8.4,0.429,0.174,0.261,2,18.9,10.8,19.2,1.8,0.6,16.3,11.9,,0,0.2,0.2,0.069,,-4.4,1.9,-2.6,0
22,Charles Barkley*,PF,32,PHO,71,2632,24.8,0.585,0.151,0.488,10.9,25,18.1,17.4,2.2,1.6,13.4,27.5,,7,3.5,10.5,0.191,,5,0.6,5.7,5.1
23,Dana Barros,PG,28,BOS,80,2328,15.6,0.596,0.457,0.182,1,8.4,4.6,20.8,1.2,0.1,12.1,18.3,,4.8,0.8,5.6,0.116,,2.3,-1.1,1.1,1.8
24,Brent Barry,SG,24,LAC,79,1898,15.9,0.609,0.496,0.229,2.4,8.4,5.3,18.8,2.6,0.9,15.4,18.3,,3.7,1.2,4.9,0.124,,1.7,0.5,2.2,2
25,Jon Barry,SG,26,GSW,68,712,14.9,0.638,0.503,0.2,2.7,7.5,5.1,18.5,2.4,1.1,17.3,14.9,,1.4,0.4,1.8,0.122,,2,0.8,2.8,0.9
26,Corey Beck,PG,24,CHH,5,33,0.8,0.282,0,0.25,10.8,15,12.9,21,1.6,0,31.1,17.7,,-0.1,0,-0.1,-0.14,,-9,-0.7,-9.7,-0.1
27,Benoit Benjamin,C,31,TOT,83,1896,14.4,0.539,0.005,0.329,8.8,26.1,17.3,5.7,1.3,3.4,17.6,19.8,,0.1,2.2,2.3,0.057,,-2.3,-0.3,-2.6,-0.3
27,Benoit Benjamin,C,31,VAN,13,404,13.6,0.488,0,0.348,8.7,21.7,15,7.6,1.3,2.8,15.5,24.8,,-0.4,0.5,0.1,0.01,,-2.6,-1.2,-3.8,-0.2
27,Benoit Benjamin,C,31,MIL,70,1492,14.6,0.558,0.007,0.322,8.9,27.3,17.9,5.2,1.2,3.6,18.3,18.4,,0.5,1.7,2.2,0.07,,-2.2,-0.1,-2.3,-0.1
28,Elmer Bennett,PG,25,PHI,8,66,-0.5,0.293,0,0.235,1.7,7.2,4.4,18.7,0.8,1.1,27.2,17.4,,-0.3,0,-0.3,-0.2,,-8.3,-3,-11.3,-0.2
29,Mario Bennett,SF,22,PHO,19,230,13.3,0.515,0.016,0.656,10.7,13.9,12.3,3.9,2.5,3.6,11.8,18.1,,0.2,0.3,0.5,0.098,,-3.4,0.8,-2.6,0
30,David Benoit,SF,27,UTA,81,1961,12.2,0.524,0.33,0.193,5.8,17.9,12,6.3,1.2,2.1,10.1,16.4,,1.6,2.3,3.9,0.096,,-0.2,0,-0.2,0.9
31,Travis Best,PG,23,IND,59,571,11.5,0.545,0.153,0.552,2.5,7,4.8,26.8,1.9,0.4,23.7,21.4,,0.2,0.5,0.7,0.057,,-1.9,-0.4,-2.2,0
32,Mookie Blaylock,PG,28,ATL,81,2893,18.9,0.529,0.555,0.151,4.3,9.5,6.8,27.6,3.9,0.5,13.6,21.5,,5.4,3.6,9,0.149,,3.8,1.5,5.3,5.4
33,Corie Blount,PF,27,LAL,57,715,10.9,0.491,0.012,0.263,11.5,16.1,13.8,8.3,1.8,3.4,20.1,14.6,,-0.1,1,0.9,0.063,,-3.5,0.9,-2.7,-0.1
34,Muggsy Bogues,PG,31,CHH,6,77,10.6,0.415,0.063,0.125,9.3,1.6,5.5,35.1,1.4,0,26.2,13.4,,0,0,0,0.02,,0.1,-3,-2.9,0
35,Anthony Bonner,PF,27,ORL,4,43,11.3,0.36,0,0.467,16.6,34.4,25.7,13.5,3.6,0,14.2,22.2,,-0.1,0.1,0,0.04,,-7.9,-0.8,-8.7,-0.1
36,Melvin Booker,PG,23,HOU,11,131,6.2,0.401,0.38,0.22,0.9,6.8,3.9,24.5,2,0.5,18,22.9,,-0.3,0.1,-0.2,-0.065,,-7.3,-2.5,-9.8,-0.3
37,Anthony Bowie,SG,32,ORL,74,1078,10.4,0.527,0.114,0.169,4.4,8.8,6.6,14.2,1.6,0.7,15.8,14.6,,0.7,0.9,1.6,0.071,,-2.4,0.1,-2.3,-0.1
38,Donnie Boyce,SG,22,ATL,8,41,17.7,0.485,0.348,0.174,13.9,15,14.4,13.6,3.9,1.9,19.5,33.7,,-0.1,0.1,0,0.004,,1.6,-1,0.6,0
39,Shawn Bradley,C,23,TOT,79,2329,15.7,0.481,0.005,0.282,10.3,20.4,15.2,4.9,1.1,9.4,15.4,21.8,,-1.1,4.1,3,0.062,,-3.2,1.7,-1.4,0.3
39,Shawn Bradley,C,23,PHI,12,334,13.4,0.486,0,0.258,11.4,25.6,18.3,4.1,1.2,8.4,22.3,18.6,,-0.4,0.4,0,0.005,,-4.7,1.3,-3.4,-0.1
39,Shawn Bradley,C,23,NJN,67,1995,16.1,0.48,0.005,0.285,10.1,19.5,14.7,5,1.1,9.6,14.5,22.4,,-0.7,3.7,3,0.071,,-2.9,1.8,-1.1,0.4
40,Marques Bragg,PF,25,MIN,53,369,9.8,0.475,0,0.342,12.3,13.3,12.8,3.6,2.4,1.7,15.8,19.7,,-0.3,0.3,0.1,0.012,,-4.6,-1,-5.6,-0.3
41,Terrell Brandon,PG,25,CLE,75,2570,25.2,0.573,0.214,0.348,2.4,10.6,6.4,38.1,3,1.1,10.1,27.6,,9.5,3.1,12.7,0.237,,6,1.5,7.5,6.2
42,Tim Breaux,SF,25,HOU,54,570,6.2,0.445,0.286,0.28,4.5,7.4,6,6.3,1,1,14.2,16.6,,-0.6,0.3,-0.2,-0.021,,-4.5,-2.2,-6.7,-0.7
43,Frank Brickowski,C,36,SEA,63,986,8.6,0.585,0.313,0.341,3.3,14.3,9,9.1,1.3,0.6,21.2,16.7,,0.1,1.4,1.6,0.076,,-4.1,0.3,-3.8,-0.4
44,Scott Brooks,PG,30,DAL,69,716,16.6,0.544,0.212,0.235,1.5,4.8,3,23.4,3,0.3,11.7,21.3,,1.2,0.4,1.6,0.11,,0.1,0.4,0.5,0.5
45,Chucky Brown,PF,27,HOU,82,2019,13.7,0.568,0.014,0.27,7.7,16.8,12.4,7,1.2,1.3,13.1,15.9,,2.2,2.1,4.2,0.101,,-1.2,-0.4,-1.6,0.2
46,Dee Brown,PG,27,BOS,65,1591,13.7,0.507,0.357,0.256,2.5,7.2,4.8,14.3,2.5,0.5,9.7,20.5,,1.4,1,2.4,0.073,,-0.5,0,-0.5,0.6
47,Mike Brown,C,32,PHI,9,162,7.3,0.554,0,1.063,9.7,16.8,13.2,2.8,1,0.9,20.4,8.1,,0.1,0.1,0.1,0.037,,-4.4,-1.7,-6.1,-0.2
48,P.J. Brown,C,26,NJN,81,2942,12.6,0.5,0.019,0.332,7.9,13.2,10.5,9.3,1.4,2.6,12.7,15.6,,2,3.3,5.3,0.087,,-1.3,0.7,-0.5,1.1
49,Randy Brown,PG,27,CHI,68,671,11.2,0.436,0.057,0.24,3,8.5,5.7,15.1,4.5,1.4,12.7,16,,0,1.5,1.5,0.105,,-4.3,4,-0.2,0.3
50,Mark Bryant,PF,30,HOU,71,1587,13.1,0.583,0.004,0.397,9.6,15.3,12.5,5.2,1,0.9,14,17.3,,2.1,1.4,3.6,0.107,,-2.5,-1.1,-3.7,-0.7
51,Jud Buechler,SF,27,CHI,74,740,14.1,0.552,0.372,0.091,7.1,10.4,8.7,11.1,2.4,0.7,13.4,17.3,,1,1.2,2.3,0.148,,0.8,1,1.7,0.7
52,Matt Bullard,PF,28,ATL,46,460,11.5,0.509,0.444,0.123,4.4,11.3,7.7,6.4,2,1.9,12.3,19,,0.2,0.4,0.6,0.065,,-1.4,-0.3,-1.6,0
53,Scott Burrell,SF,25,CHH,20,693,13,0.57,0.476,0.272,4.5,12.9,8.6,10.5,2,1.4,15.7,17.9,,0.6,0.4,1.1,0.075,,0,0.1,0.1,0.4
54,Junior Burrough,PF,23,BOS,61,495,9,0.448,0,0.547,9.9,14.8,12.3,4.6,1.5,1.4,15.9,21.8,,-0.6,0.4,-0.2,-0.018,,-5.5,-2,-7.5,-0.7
55,Mitchell Butler,SG,25,WSB,61,858,7.4,0.446,0.262,0.362,4.1,12,8.1,11.1,2.4,1,20.1,17.3,,-1.2,1,-0.2,-0.01,,-4.7,0.6,-4.1,-0.5
56,Jason Caffey,PF,22,CHI,57,545,7.9,0.474,0.006,0.42,10.9,12.8,11.9,6.3,1.2,1,20,19.4,,-0.4,0.8,0.4,0.038,,-6.1,-1.1,-7.1,-0.7
57,Michael Cage,C,34,CLE,82,2631,14.1,0.561,0.003,0.232,14.3,22.7,18.4,3.3,1.9,2.7,11,9.4,,4.1,4,8.1,0.148,,-0.4,0.2,-0.2,1.2
58,Adrian Caldwell,PF,29,IND,51,327,10.4,0.556,0,0.434,16.6,25.2,21,3,1.5,1.2,26.2,18.8,,-0.2,0.5,0.3,0.044,,-5.1,-0.7,-5.8,-0.3
59,Elden Campbell,PF,27,LAL,82,2699,18,0.549,0.006,0.393,7.1,19.5,13.4,10.3,1.7,5.5,11.6,19.6,,3.8,4.4,8.2,0.147,,-0.2,1.9,1.7,2.6
60,Antoine Carr,SF,34,UTA,80,1532,10.6,0.506,0.006,0.282,5.8,10.1,8,7.6,1,3.5,12,19.5,,0.6,1.5,2.1,0.065,,-3.5,0,-3.5,-0.6
61,Chris Carr,SG,21,PHO,60,590,10.5,0.493,0.194,0.276,5.4,14.5,10,11.4,0.9,0.6,14.1,21.4,,-0.1,0.3,0.3,0.021,,-3.4,-1.8,-5.2,-0.5
62,Sam Cassell,PG,26,HOU,61,1682,16.8,0.565,0.319,0.433,3.5,9,6.3,27.3,1.6,0.2,16.7,25.1,,2.6,1.2,3.9,0.11,,1.2,-0.9,0.3,1
63,Duane Causwell,C,27,SAC,73,1044,9.9,0.484,0.005,0.444,9.5,18,13.7,2.9,1.3,5.6,17,13.1,,0,1.3,1.3,0.059,,-4.4,1.2,-3.2,-0.3
64,Cedric Ceballos,SF,26,LAL,78,2628,22.1,0.599,0.153,0.34,9.7,13.9,11.9,7.9,1.9,0.6,10.8,26.5,,7.1,2.8,9.8,0.18,,3.9,-1.3,2.6,3.1
65,Rex Chapman,SG,28,MIA,56,1865,13,0.539,0.496,0.166,1.4,7.5,4.5,15.4,1.3,0.4,9.8,19.7,,2.3,1.9,4.2,0.108,,0.7,0.1,0.8,1.3
66,Calbert Cheaney,SF,24,WSB,70,2324,13,0.528,0.17,0.236,3.5,8.5,6.1,10.6,1.5,0.6,11.4,21.7,,1.5,1.7,3.2,0.065,,-1,-0.9,-1.9,0.1
67,Pete Chilcutt,PF,27,HOU,74,651,12.5,0.525,0.547,0.145,9.1,17.8,13.6,6,1.5,1.5,10.4,14.7,,0.6,0.8,1.4,0.101,,-0.4,-0.7,-1.1,0.1
68,Randolph Childress,PG,23,POR,28,250,6.7,0.468,0.595,0.342,0.5,8.2,4.3,19.1,1.7,0.3,23.6,20.8,,-0.3,0.3,0,-0.009,,-4.9,-0.5,-5.4,-0.2
69,Chris Childs,PG,28,NJN,78,2408,16.4,0.549,0.333,0.391,2.3,9.1,5.6,38.6,2.4,0.3,20.1,20.7,,3.3,2.5,5.8,0.115,,1.3,0.4,1.7,2.2
70,Doug Christie,SF,25,TOT,55,1036,14,0.549,0.315,0.276,3.9,13.8,8.8,18,3.5,1.4,20.1,20.4,,0.2,1.2,1.4,0.065,,-1.7,0.8,-0.8,0.3
70,Doug Christie,SF,25,NYK,23,218,14.1,0.562,0.26,0.301,4.5,13.7,9.2,19.2,2.9,1.1,18.7,21.7,,0.1,0.4,0.5,0.108,,-1.5,2.2,0.7,0.1
70,Doug Christie,SF,25,TOR,32,818,13.9,0.545,0.33,0.269,3.8,13.8,8.7,17.7,3.7,1.5,20.5,20,,0.1,0.8,0.9,0.054,,-1.7,0.5,-1.2,0.2
71,Robert Churchwell,SG,23,GSW,4,20,1.2,0.375,0,0,0,17.4,8.6,8,0,0,20,21.8,,-0.1,0,-0.1,-0.166,,-7.8,-2.9,-10.6,0
72,Charles Claxton,C,25,BOS,3,7,0.2,0.347,0,1,31.2,0,16,0,0,10,25.8,23.9,,0,0,0,-0.179,,-16.3,-2.6,-18.9,0
73,John Coker,C,24,PHO,5,11,37.3,0.8,0,0,21.4,0,10.5,21.2,0,6.8,0,20.2,,0.1,0,0.1,0.36,,11.6,1.9,13.5,0
74,Derrick Coleman,PF,28,PHI,11,294,12,0.466,0.178,0.271,5,23.8,14.1,19.3,0.7,2.5,17.5,24.3,,-0.4,0.2,-0.2,-0.029,,-2.8,-0.7,-3.5,-0.1
75,Bimbo Coles,PG,27,TOT,81,2615,12.4,0.513,0.327,0.272,2.2,9.2,5.8,25.9,1.9,0.5,16.4,17.9,,2.2,2.8,5,0.091,,-0.8,0.6,-0.2,1.2
75,Bimbo Coles,PG,27,MIA,52,1882,13,0.523,0.308,0.309,2.4,9.9,6.2,25.7,1.8,0.5,16.2,18.3,,1.9,2.4,4.3,0.109,,-0.3,0.9,0.6,1.2
75,Bimbo Coles,PG,27,GSW,29,733,10.9,0.486,0.376,0.174,1.7,7.6,4.6,26.3,2.2,0.5,17,16.8,,0.3,0.4,0.7,0.047,,-2.1,-0.2,-2.3,-0.1
76,Marty Conlon,C,28,MIL,74,958,12.2,0.526,0.092,0.336,7.3,15.5,11.3,11.7,1.1,0.9,17.4,21.7,,0.1,0.5,0.6,0.028,,-2.3,-1.2,-3.5,-0.4
77,Anthony Cook,PF,28,POR,11,60,7.6,0.422,0.125,0.25,9.5,13.2,11.4,5.1,0,1.2,5.3,13.7,,0,0.1,0.1,0.057,,-4.5,-1.4,-5.9,-0.1
78,Tyrone Corbin,SF,33,TOT,71,1284,12.6,0.511,0.051,0.342,7.4,14.7,11,10.4,2.5,1.2,14.2,16.2,,0.9,1.6,2.5,0.093,,-1.7,1,-0.7,0.4
78,Tyrone Corbin,SF,33,SAC,49,930,13.3,0.521,0.046,0.355,6.8,15.5,11.1,10.5,2.6,1.4,14.3,16.5,,0.7,1.1,1.8,0.092,,-1.3,0.9,-0.4,0.4
78,Tyrone Corbin,SF,33,MIA,22,354,10.8,0.484,0.065,0.304,8.8,12.5,10.7,10.4,2.4,0.7,14,15.6,,0.2,0.6,0.7,0.097,,-3,1.2,-1.7,0
79,Joe Courtney,PF,26,CLE,23,200,7,0.443,0,0.514,15.7,16.9,16.3,7.2,1.5,2.7,28.4,15.1,,-0.2,0.2,0,0,,-7.1,-0.9,-8,-0.3
80,John Crotty,PG,26,CLE,58,617,13,0.59,0.237,0.632,4.2,7.5,5.8,26.9,2.1,0.9,25.9,16.1,,0.8,0.5,1.3,0.101,,-1.5,0.2,-1.3,0.1
81,Terry Cummings,PF,34,MIL,81,1777,13.9,0.493,0.012,0.274,11,19.9,15.3,8.1,1.7,1.3,9.5,18.6,,1.5,1.5,3,0.08,,-1.6,-0.6,-2.3,-0.1
82,Dell Curry,SG,31,CHH,82,2371,16.8,0.568,0.417,0.176,3.4,10.2,6.8,12.5,2.4,0.8,11,22.5,,3.8,1.4,5.1,0.104,,2.1,-0.3,1.8,2.3
83,Michael Curry,SG-SF,27,TOT,46,783,9.4,0.56,0.329,0.385,4.3,8.6,6.6,5.6,1.7,0.2,11.3,12.9,,0.8,0.8,1.6,0.1,,-2.4,0.9,-1.5,0.1
83,Michael Curry,SF,27,WSB,5,34,8.2,0.425,0.3,0.4,7.1,10.2,8.7,4.1,1.5,0,7.8,16.8,,0,0,0,0.033,,-2.8,-0.7,-3.5,0
83,Michael Curry,SG,27,DET,41,749,9.4,0.569,0.331,0.384,4.2,8.6,6.5,5.6,1.7,0.2,11.5,12.7,,0.8,0.8,1.6,0.103,,-2.4,1,-1.5,0.1
84,Rastko Cvetkovi?,C,25,DEN,14,48,2.1,0.282,0.063,0.25,9.6,16.9,13.2,9.6,2.2,1.5,14.5,19.3,,-0.2,0.1,-0.1,-0.118,,-9.8,-1.3,-11,-0.1
85,Sasha Danilovi?,SG,25,MIA,19,542,14.4,0.591,0.424,0.391,2.6,7.1,4.9,14.9,1.5,0.4,14.6,21.2,,0.9,0.6,1.5,0.129,,1,-0.6,0.4,0.3
86,Yinka Dare,C,23,NJN,58,626,6.1,0.479,0,0.431,9.6,22.5,15.9,0,0.7,4.9,29.6,17,,-1.4,1,-0.5,-0.037,,-9,0.3,-8.7,-1
87,Antonio Davis,PF,27,IND,82,2092,13.9,0.567,0.004,0.716,11.6,18.1,15,3.2,0.8,2.5,12.1,15.8,,3.6,2.4,6,0.137,,-0.6,-0.4,-1.1,0.5
88,Dale Davis,PF,26,IND,78,2617,14.3,0.553,0,0.482,12.4,21.1,16.9,4.6,1.2,3.4,14.1,14.8,,2.6,3.7,6.2,0.115,,0.1,0.3,0.4,1.5
89,Hubert Davis,SG,25,NYK,74,1773,14.8,0.633,0.472,0.228,2.4,5.7,4.1,9.6,0.9,0.3,9.2,18,,4,1.6,5.6,0.151,,2.3,-0.6,1.7,1.7
90,Mark Davis,SF,22,MIN,57,571,10.9,0.47,0.087,0.779,11.7,14.5,13.1,12.6,3.6,2.9,25.4,20.8,,-0.8,0.8,-0.1,-0.005,,-4.2,1,-3.2,-0.2
91,Terry Davis,PF,28,DAL,28,501,10,0.532,0,0.435,8.3,17,12.2,6.2,1,0.6,16.3,12.8,,0.3,0.3,0.5,0.052,,-3.7,-1,-4.7,-0.3
92,Todd Day,SG,26,TOT,79,1807,13.5,0.489,0.37,0.351,4.3,9.9,7,9.5,2.2,2,10.4,25.2,,0.4,1.5,1.9,0.049,,-0.8,-0.5,-1.3,0.3
92,Todd Day,SG,26,MIL,8,171,8,0.443,0.352,0.366,5.6,10.2,7.9,4.6,1.2,1.4,11.8,25,,-0.2,0.1,-0.1,-0.028,,-5,-1.3,-6.3,-0.2
92,Todd Day,SG,26,BOS,71,1636,14.1,0.493,0.371,0.35,4.1,9.8,6.9,10,2.3,2.1,10.2,25.2,,0.6,1.4,2,0.057,,-0.4,-0.4,-0.8,0.5
93,Andrew DeClercq,C,22,GSW,22,203,12.1,0.505,0.02,0.38,10.1,12,11.1,6.8,1.8,1.8,6.4,13.4,,0.3,0.1,0.4,0.102,,-2,0.2,-1.7,0
94,Terry Dehere,PG,24,LAC,82,2018,16.7,0.612,0.461,0.477,2.4,6.2,4.3,27.3,1.4,0.6,18.7,22.6,,4.5,0.5,5,0.119,,2.7,-1.9,0.8,1.4
95,Vinny Del Negro,SG,29,SAS,82,2766,15.6,0.564,0.156,0.222,1.5,9.1,5.5,18.3,1.6,0.2,8.6,18.8,,5.2,3.2,8.3,0.144,,0.4,0.7,1.1,2.2
96,Bison Dele,C,26,LAC,65,2157,17,0.582,0.008,0.349,8.2,19.5,13.7,9.4,1.7,1.9,17.7,22.2,,2.1,1.9,4,0.09,,-0.2,-0.4,-0.6,0.8
97,Dell Demps,SG,25,SAS,16,87,17.1,0.655,0.061,0.515,2.7,8.6,5.8,15.9,1.8,0.8,22.9,27.1,,0.1,0.1,0.2,0.105,,-2,0.2,-1.8,0
98,Vlade Divac*,C,27,LAL,79,2470,17.4,0.544,0.022,0.366,9.5,22.2,16,16.3,1.6,3.7,17.5,20.6,,2.2,4,6.1,0.119,,-0.2,1.6,1.4,2.1
99,Sherman Douglas,PG,29,TOT,79,2335,14.6,0.57,0.161,0.32,2.8,6.6,4.7,30,1.4,0.2,19.9,19,,2.9,0.4,3.3,0.068,,0.8,-1.9,-1.1,0.5
99,Sherman Douglas,PG,29,BOS,10,234,9.3,0.482,0.083,0.476,2.8,8.3,5.5,26,0.4,0,22.2,24,,-0.3,0,-0.3,-0.053,,-3.2,-3.6,-6.8,-0.3
99,Sherman Douglas,PG,29,MIL,69,2101,15.2,0.583,0.171,0.298,2.8,6.4,4.6,30.4,1.5,0.2,19.5,18.4,,3.2,0.4,3.5,0.081,,1.2,-1.7,-0.5,0.8
100,Clyde Drexler*,SG,33,HOU,52,1997,20,0.551,0.308,0.442,5.6,15.3,10.6,24.7,2.7,0.9,12.8,23.6,,4.1,2.6,6.7,0.161,,2.8,1.2,4,3
101,Kevin Duckworth,C,31,MIL,8,58,-2.7,0.27,0,0.429,4.2,10.8,7.4,4.8,1.8,0,10.7,14.7,,-0.2,0,-0.1,-0.11,,-13.2,-2.1,-15.3,-0.2
102,Chris Dudley,C,30,POR,80,1924,12.2,0.473,0.003,0.439,14.2,28.4,21.3,2.8,1.1,3.9,15.6,11.5,,0.6,4,4.7,0.117,,-2.7,1.5,-1.3,0.4
103,Joe Dumars*,PG,32,DET,67,2193,13.7,0.579,0.498,0.329,1.6,5.8,3.8,20.4,1.1,0.1,12.4,17,,4.3,1.7,6,0.131,,1.7,-0.5,1.1,1.7
104,Richard Dumas,PF,26,PHI,39,739,11.3,0.515,0.044,0.345,6.4,9.2,7.7,10.3,3,0.6,17.3,17.1,,0,0.4,0.3,0.021,,-3.1,0.2,-2.9,-0.2
105,Tony Dumas,SG,23,DAL,67,1284,15.2,0.505,0.316,0.392,4.4,5.1,4.7,13.5,1.6,0.7,9.1,27.4,,1.2,0.4,1.6,0.06,,0.3,-1.9,-1.6,0.1
106,Ledell Eackles,SG,29,WSB,55,1238,12.5,0.553,0.34,0.313,4.3,9.7,7,10.2,1.2,0.2,11.7,17.6,,1.6,0.8,2.4,0.094,,0.3,-1,-0.7,0.4
107,Acie Earl,C,25,TOR,42,655,14.1,0.484,0.011,0.413,9.2,14.3,11.7,6.9,1.4,4.3,13.1,25.2,,-0.1,0.4,0.3,0.02,,-3.1,-2,-5.1,-0.5
108,Tyus Edney,PG,22,SAC,80,2481,12.7,0.505,0.195,0.341,2.9,6.5,4.7,31.5,1.8,0.1,18.4,18.5,,2,1.2,3.3,0.064,,-0.5,-1.3,-1.8,0.1
109,Blue Edwards,SF,30,VAN,82,2773,11.9,0.498,0.256,0.218,4,10.9,7.3,13.8,2.2,1.3,14,20,,-0.7,2.5,1.9,0.032,,-2,0,-1.9,0.1
110,Doug Edwards,PF,25,VAN,31,519,7.5,0.432,0.044,0.418,7.6,12.2,9.8,11.8,1,2.6,21.2,12,,-0.3,0.4,0.1,0.005,,-4.3,0.2,-4,-0.3
111,James Edwards,C,40,CHI,28,274,3.5,0.403,0,0.236,6.4,10.6,8.5,5.9,0.2,2.2,14.7,22.9,,-0.5,0.4,-0.2,-0.028,,-10.2,-2,-12.2,-0.7
112,Kevin Edwards,SG,30,NJN,34,1007,9.8,0.461,0.267,0.215,1.5,6.8,4.1,12.1,2.8,0.5,13.7,21.5,,-0.6,1.1,0.5,0.022,,-2.8,0.7,-2.1,0
113,Craig Ehlo,SG,34,ATL,79,1758,13.7,0.526,0.374,0.174,4.2,13.4,8.6,12.8,2.6,0.4,14,18.9,,1.5,1.8,3.3,0.09,,-0.3,0.4,0.2,1
114,Howard Eisley,PG,23,UTA,65,961,9.3,0.52,0.256,0.318,2.9,7,5,22.3,1.6,0.3,21.8,16.8,,0.2,0.7,1,0.048,,-3,-0.4,-3.4,-0.3
115,Mario Elie,SF,32,HOU,45,1385,14.6,0.612,0.356,0.322,3.9,8.6,6.3,15.4,1.7,0.6,12.6,15.1,,2.8,1,3.8,0.133,,0.9,0.4,1.3,1.2
116,Sean Elliott,SF,27,SAS,77,2901,16.3,0.585,0.348,0.375,2.8,12.1,7.6,11.8,1.2,0.8,13.1,23.4,,4.1,3.6,7.7,0.128,,1.9,-0.2,1.7,2.7
117,Dale Ellis,SF,35,DEN,81,2626,14.7,0.58,0.38,0.187,3.9,10,6.9,9.1,1.1,0.2,8.6,19.3,,4.7,1.5,6.2,0.114,,1.5,-0.9,0.6,1.7
118,LaPhonso Ellis,SF,25,DEN,45,1269,12.1,0.474,0.051,0.343,8.4,20.9,14.7,9.6,1.5,1.9,14.3,20.4,,-0.5,1.5,1,0.039,,-3.2,0.1,-3.1,-0.3
119,LeRon Ellis,C,26,MIA,12,74,1.6,0.264,0,0.273,8.1,4.6,6.3,8.1,1.4,3.2,10.9,17,,-0.2,0.1,-0.1,-0.081,,-7.5,-1.3,-8.8,-0.1
120,Pervis Ellison,C,28,BOS,69,1431,13.1,0.527,0,0.397,11.5,24.1,17.7,6.3,1.4,4.8,19.5,12.9,,0.6,1.9,2.6,0.086,,-2.5,1.2,-1.3,0.3
121,Vincenzo Esposito,PG,26,TOR,30,282,5.2,0.495,0.56,0.39,1.7,5.1,3.4,12.5,1.3,0,25,24.4,,-0.6,0,-0.6,-0.106,,-5,-4.4,-9.5,-0.5
122,Patrick Ewing*,C,33,NYK,76,2783,20.9,0.516,0.019,0.317,6.9,26.9,17.1,11.2,1.3,5.1,11.8,31.5,,0.6,6.1,6.8,0.116,,0.3,1.3,1.6,2.5
123,Duane Ferrell,SF,30,IND,54,591,10.9,0.529,0.048,0.343,7,12.5,9.8,8.2,2.1,0.4,15.1,17.5,,0.3,0.6,1,0.077,,-2.4,0.3,-2.1,0
124,Danny Ferry,PF,29,CLE,82,2680,14.2,0.557,0.395,0.146,3.5,12,7.7,13.2,1.2,1.2,11.1,20.7,,3.2,2.3,5.5,0.098,,0.6,-0.7,-0.1,1.3
125,Michael Finley,SF,22,PHO,82,3212,14,0.551,0.191,0.331,5.1,8.3,6.7,13.9,1.4,0.7,10.6,17.3,,5,1.3,6.3,0.095,,0.6,-0.8,-0.2,1.5
126,Matt Fish,C,26,TOT,18,134,16.5,0.586,0,0.528,8.7,9.5,9.1,10.2,1.2,3.8,6.3,15.9,,0.3,0.1,0.4,0.154,,-0.1,1.1,1,0.1
126,Matt Fish,C,26,NYK,2,17,27.4,0.575,0,0.1,21.5,0,10.4,14.6,0,4.5,0,28.6,,0.1,0,0.1,0.22,,4.5,-1.8,2.7,0
126,Matt Fish,C,26,DEN,16,117,14.9,0.59,0,0.692,6.9,10.9,8.9,9.5,1.3,3.7,8.1,14.1,,0.2,0.1,0.4,0.144,,-0.8,1.5,0.7,0.1
127,Vern Fleming,PG,33,NJN,77,1747,11.3,0.49,0.053,0.338,3,7.8,5.4,24.6,1.2,0.2,16.9,18.1,,0.5,1.1,1.6,0.044,,-2.1,-0.9,-2.9,-0.4
128,Sherell Ford,SF,23,SEA,28,139,16.4,0.474,0.313,0.425,10.7,9.7,10.2,6.5,2.9,0.6,5.9,32.4,,0.1,0.2,0.4,0.124,,-3.8,-1.5,-5.2,-0.1
129,Greg Foster,C,27,UTA,73,803,9,0.501,0.033,0.295,8.3,18.6,13.6,4.7,0.5,2.3,17.4,19,,-0.3,0.9,0.6,0.035,,-4.5,-1.2,-5.6,-0.7
130,Rick Fox,SF,26,BOS,81,2588,16.1,0.547,0.293,0.274,6.7,13,9.7,22.6,2.2,1.1,17.2,20.9,,3,2.2,5.1,0.095,,1.2,0.2,1.3,2.2
131,Kevin Gamble,SF,30,TOT,65,1325,8.4,0.482,0.301,0.127,1.9,7.9,5,12.1,1.4,0.5,9.7,15.1,,0.5,1.3,1.8,0.064,,-2.9,0.4,-2.5,-0.2
131,Kevin Gamble,SF,30,MIA,44,1033,8.8,0.486,0.306,0.128,1.6,7.9,4.8,12.8,1.6,0.4,9.3,15.2,,0.5,1.2,1.7,0.079,,-2.8,0.8,-1.9,0
131,Kevin Gamble,SF,30,SAC,21,292,6.9,0.469,0.28,0.122,2.8,8,5.4,9.8,0.7,0.8,11.3,14.7,,0,0.1,0.1,0.011,,-3.1,-1.2,-4.4,-0.2
132,Kevin Garnett*,SF,19,MIN,80,2293,15.8,0.522,0.038,0.203,9.1,17,13.1,10.6,1.9,4.4,12.1,17.6,,1.8,2.6,4.4,0.092,,0.1,0.9,1,1.7
133,Chris Gatling,PF,28,TOT,71,1427,19.9,0.601,0.002,0.365,10.5,23.2,16.9,5.8,1.3,2.1,12.6,23.4,,2.7,2,4.6,0.156,,0.5,-0.4,0.1,0.7
133,Chris Gatling,PF,28,GSW,47,862,17,0.582,0.003,0.429,10.3,22.1,16.2,5.2,1.1,2.4,14.1,21.5,,1.2,0.9,2.1,0.114,,-1,-1.1,-2.1,0
133,Chris Gatling,PF,28,MIA,24,565,24.4,0.625,0,0.29,10.8,25,18,6.6,1.6,1.5,10.7,26.3,,1.5,1.1,2.6,0.219,,2.8,0.6,3.4,0.8
134,Kenny Gattison,PF,31,VAN,25,570,10.7,0.51,0,0.411,7,16.8,11.7,4.6,0.9,1.5,15.1,21.2,,-0.3,0.5,0.1,0.012,,-4.1,-1.4,-5.5,-0.5
135,Matt Geiger,C,26,CHH,77,2349,14.2,0.573,0.012,0.308,10.2,23.6,16.8,4.1,1,2,15.3,17.2,,2.4,1.9,4.3,0.088,,-1.8,-1.1,-2.9,-0.5
136,Kendall Gill,SG,27,TOT,47,1683,15.5,0.545,0.151,0.336,5,11.6,8.2,24.6,2,1.1,17.9,19.5,,2.1,1.1,3.2,0.091,,0.9,0.5,1.4,1.4
136,Kendall Gill,SG,27,CHH,36,1265,15.3,0.548,0.145,0.315,5.3,13,9.1,27.8,1.7,1.3,20.6,19.1,,1.3,0.7,2,0.077,,1.1,0.2,1.3,1.1
136,Kendall Gill,SG,27,NJN,11,418,16.2,0.539,0.164,0.388,4.1,7.3,5.7,14.9,2.8,0.4,10.6,20.8,,0.7,0.4,1.2,0.133,,0.3,1.4,1.6,0.4
137,Armen Gilliam,SF,31,NJN,78,2856,17.6,0.522,0.001,0.288,9.1,18.6,13.7,9.4,1.3,1.4,11.4,23.7,,3.3,3.4,6.7,0.113,,1.2,-0.4,0.8,1.9
138,Gerald Glass,SF,28,TOT,15,71,10.4,0.389,0.182,0.03,9.2,3.3,6.4,10.3,2.2,1.1,0,20.7,,0,0.1,0.1,0.047,,-1.6,-0.2,-1.9,0
138,Gerald Glass,SF,28,NJN,10,56,11,0.375,0.179,0,9.6,2,5.9,13.1,1.9,1.4,0,21.8,,0,0,0,0.037,,-0.2,-0.2,-0.4,0
138,Gerald Glass,SF,28,CHH,5,15,8.4,0.46,0.2,0.2,7.9,8.3,8.1,0,3.5,0,0,16.4,,0,0,0,0.087,,-7.1,-0.4,-7.5,0
139,Anthony Goldwire,PG,24,CHH,42,621,10.4,0.536,0.439,0.317,1.5,7,4.2,27.4,1.4,0,22.6,20.3,,0.2,0.1,0.3,0.021,,-1.8,-2.5,-4.3,-0.3
140,Greg Graham,SG,25,TOT,53,613,11.1,0.538,0.425,0.352,3,7.5,5.2,14.3,2.1,0.1,17.1,19.3,,0.3,0.4,0.8,0.06,,-1.9,-0.4,-2.4,-0.1
140,Greg Graham,SG,25,PHI,8,128,13.1,0.709,0.438,0.531,4.4,9.3,6.8,14.9,2,0,30.1,19.7,,0.1,0,0.1,0.048,,-0.9,-0.7,-1.6,0
140,Greg Graham,SG,25,NJN,45,485,10.6,0.502,0.422,0.317,2.7,7,4.8,14.1,2.2,0.2,13.7,19.1,,0.2,0.4,0.6,0.063,,-2.2,-0.3,-2.6,-0.1
141,Ron Grandison,PF,31,TOT,28,311,8.5,0.471,0.241,0.431,7.7,13,10.4,6.2,2,0.5,14.8,11.9,,0,0.4,0.5,0.076,,-2.8,0.8,-2,0
141,Ron Grandison,PF,31,MIA,18,235,6.2,0.454,0.333,0.487,7.1,10.7,8.9,6.3,1.8,0.3,18.8,11.3,,-0.1,0.3,0.2,0.049,,-3.6,0.6,-3,0
141,Ron Grandison,PF,31,ATL,4,19,13.2,0.5,0.25,0,6,32.4,18.7,8.1,0,0,0,9.5,,0,0,0,0.125,,0.6,-1.2,-0.6,0
141,Ron Grandison,PF,31,NYK,6,57,16.6,0.51,0,0.4,10.7,16.2,13.5,5.5,3.7,1.3,5.4,15.2,,0.1,0.1,0.2,0.17,,-0.5,2.1,1.7,0.1
142,Brian Grant,PF,23,SAC,78,2398,15.8,0.56,0.02,0.425,8.4,17.9,13.2,9.2,0.9,3.2,15.6,21.7,,2.4,2.3,4.7,0.094,,-0.6,-0.3,-0.9,0.6
143,Gary Grant,PG,30,NYK,47,596,13.5,0.562,0.133,0.32,2.5,7.7,5.2,19,3.5,0.4,17.9,19.7,,0.4,1,1.4,0.11,,-2.6,2.3,-0.4,0.2
144,Greg Grant,PG,29,TOT,31,527,7.7,0.408,0.343,0.061,1.5,6,3.7,27.4,2.2,0.3,22.8,11.2,,-0.2,0.2,0,0.003,,-4,0,-4,-0.3
144,Greg Grant,PG,29,PHI,11,280,9.5,0.444,0.375,0.125,1.2,7.6,4.3,33.3,2.2,0.5,22.9,10.5,,0.1,0.1,0.1,0.026,,-3.6,-0.2,-3.8,-0.1
144,Greg Grant,PG,29,WSB,10,138,7.5,0.429,0.357,0,0.9,4.2,2.6,22.9,3,0,26.3,12.3,,-0.1,0.1,0,0.002,,-3.3,1.1,-2.2,0
144,Greg Grant,PG,29,DEN,10,109,3.1,0.304,0.261,0,3.2,4.3,3.7,18.3,1,0,17.9,11.5,,-0.2,0,-0.1,-0.053,,-5.7,-1.2,-6.9,-0.1
145,Harvey Grant,PF,30,POR,76,2394,10.4,0.487,0.099,0.162,5.6,11.6,8.6,7.3,1.3,1.3,10.1,14.8,,0.9,3.1,4,0.081,,-1.9,1,-0.9,0.6
146,Horace Grant,PF,30,ORL,63,2286,17.9,0.551,0.009,0.306,9.3,20,14.8,11.4,1.4,2.4,7.7,16.5,,5,3.1,8,0.169,,1.7,0.6,2.3,2.5
147,A.C. Green,SF,32,PHO,82,2113,12.9,0.558,0.117,0.534,9.2,20.9,15.2,4.9,1.1,0.8,12.6,13.2,,2.7,1.7,4.4,0.1,,-0.4,-0.9,-1.3,0.4
148,Tom Gugliotta,PF,26,MIN,78,2835,16.9,0.54,0.086,0.373,7.4,21.7,14.6,14.4,2.5,2.6,16.7,21.9,,1.5,3.7,5.3,0.089,,0,1,1,2.1
149,Jack Haley,C,32,CHI,1,7,1.8,0.363,0,0.333,16.7,16.6,16.6,0,0,0,12.7,49.6,,0,0,0,-0.228,,-14.2,-8.2,-22.4,0
150,Thomas Hamilton,C,20,BOS,11,70,4.3,0.321,0,0.581,15.6,19.7,17.6,2.1,0,9,18.8,29.5,,-0.4,0.1,-0.3,-0.213,,-11.3,-3.4,-14.7,-0.2
151,Geert Hammink,C,26,TOT,6,17,10.5,0.565,0,1.75,14,13.5,13.7,0,0,0,22,23.8,,0,0,0,0.017,,-2.5,-3.8,-6.4,0
151,Geert Hammink,C,26,ORL,3,7,9.1,0.532,0,2,34.1,16.3,25,0,0,0,34.7,37.2,,0,0,0,-0.15,,-7.5,-7.3,-14.9,0
151,Geert Hammink,C,26,GSW,3,10,11.4,0.602,0,1.5,0,11.6,5.8,0,0,0,0,14.5,,0,0,0,0.134,,0.9,-1.4,-0.4,0
152,Tom Hammonds,PF,28,DEN,71,1045,11.2,0.537,0,0.429,9.4,15.3,12.3,3.5,1.1,0.9,13.1,15.7,,0.9,0.9,1.8,0.081,,-2.8,-0.9,-3.8,-0.5
153,Darrin Hancock,SF,24,CHH,63,838,10,0.553,0.014,0.341,5.7,8.6,7.1,8.7,1.8,0.4,18.5,16.3,,0.2,0.3,0.5,0.028,,-2.9,-0.9,-3.8,-0.4
154,Anfernee Hardaway,PG,24,ORL,82,3015,24.6,0.605,0.233,0.477,5.1,8.5,6.8,32.2,2.9,1,13.5,25.5,,11,3.4,14.4,0.229,,6.2,1,7.2,6.9
155,Tim Hardaway*,PG,29,TOT,80,2534,18.7,0.54,0.382,0.307,1.6,8.8,5.2,42.8,2.7,0.5,17.3,23.8,,4.7,2.6,7.3,0.139,,3.3,-0.1,3.1,3.3
155,Tim Hardaway*,PG,29,GSW,52,1487,18.5,0.536,0.383,0.3,1.7,8.5,5.1,40.2,2.6,0.5,15.4,23.8,,3,1,3.9,0.127,,3.3,-0.8,2.5,1.7
155,Tim Hardaway*,PG,29,MIA,28,1047,19.1,0.548,0.381,0.319,1.5,9.2,5.5,46.4,2.9,0.4,20,23.9,,1.8,1.6,3.4,0.154,,3.2,0.8,4,1.6
156,Derek Harper,PG,34,NYK,82,2893,13.9,0.558,0.346,0.219,1.3,6.8,4.1,20.1,2.4,0.1,14.7,19.4,,2.6,3.7,6.3,0.105,,-0.2,0.7,0.5,1.8
157,Ron Harper,PG,32,CHI,80,1886,14.4,0.528,0.208,0.277,4.6,8.6,6.6,15.5,2.9,1.3,11.5,14.9,,3,3.3,6.3,0.161,,0,2.6,2.6,2.2
158,Lucious Harris,SG,25,DAL,61,1016,15.5,0.553,0.315,0.219,3.9,9.2,6.3,12.9,1.7,0.2,9.6,19.7,,1.8,0.4,2.1,0.101,,0.9,-0.7,0.2,0.6
159,Antonio Harvey,PF,25,TOT,55,821,8.9,0.392,0.009,0.371,9.8,19.5,14.5,2.9,1.7,4.3,14.4,16.7,,-1.3,1,-0.3,-0.02,,-4.8,-0.9,-5.7,-0.8
159,Antonio Harvey,PF,25,VAN,18,410,9.7,0.43,0.021,0.453,7.5,19.9,13.4,3.6,1.8,3.9,13.6,14.7,,-0.4,0.6,0.1,0.016,,-3.9,0,-3.9,-0.2
159,Antonio Harvey,PF,25,LAC,37,411,8.2,0.362,0,0.31,12.1,19.1,15.5,2.1,1.6,4.7,15.1,18.7,,-0.9,0.4,-0.5,-0.055,,-5.7,-1.8,-7.5,-0.6
160,Hersey Hawkins,SG,29,SEA,82,2823,16.1,0.603,0.406,0.304,3.8,8.4,6.2,12.5,2.7,0.4,13.4,19.4,,5.3,4.2,9.5,0.161,,1.9,0.9,2.8,3.4
161,Alvin Heggs,SF,28,HOU,4,14,20.7,0.633,0,0.6,8.3,7.9,8.1,0,0,0,0,20.3,,0.1,0,0.1,0.196,,3.2,-2.4,0.8,0
162,Alan Henderson,PF,23,ATL,79,1416,12.9,0.482,0.007,0.461,13.2,16.7,14.9,5.8,1.7,2.4,14.3,19.3,,0.5,1.6,2,0.069,,-3.2,-0.9,-4.1,-0.8
163,Carl Herrera,PF,29,SAS,44,393,4.7,0.407,0.01,0.175,8.9,13.9,11.5,5.9,1.2,1.5,21.7,15.3,,-0.7,0.5,-0.2,-0.02,,-7.1,-0.1,-7.2,-0.5
164,Sean Higgins,SF,27,PHI,44,916,10.4,0.517,0.399,0.115,2.5,9.3,5.8,10.7,1.4,0.9,12.6,18.9,,0.2,0.1,0.3,0.014,,-1.9,-1.7,-3.6,-0.4
165,Grant Hill*,SF,23,DET,80,3260,20.9,0.537,0.021,0.529,4.9,23.4,14.5,31.4,1.7,1.2,14.9,25.9,,6,5.7,11.7,0.172,,3.1,1.7,4.8,5.6
166,Tyrone Hill,PF,27,CLE,44,929,14.6,0.544,0,0.531,13.2,21.9,17.5,6.4,1.9,1.9,17,20.5,,0.6,1.4,1.9,0.101,,-3.6,-0.7,-4.3,-0.5
167,Donald Hodge,C,26,TOT,15,115,5.9,0.375,0,0,7.5,14.1,10.6,4.9,0.4,4.8,7.7,9.4,,0,0.1,0.1,0.026,,-7.4,0.9,-6.5,-0.1
167,Donald Hodge,C,26,DAL,13,113,5.8,0.375,0,0,7.7,13.2,10.2,5,0.4,4.9,7.7,9.6,,0,0.1,0.1,0.025,,-7.5,0.9,-6.6,-0.1
167,Donald Hodge,C,26,CHH,2,2,8,,,,0,62,30.3,0,0,0,,0,,0,0,0,0.076,,-1.1,-0.1,-1.2,0
168,Fred Hoiberg,SG,23,IND,15,85,14.4,0.594,0.158,0.947,6.1,7.1,6.6,14.3,3.8,0.9,20.6,18.3,,0.1,0.1,0.2,0.138,,-0.3,3.1,2.8,0.1
169,Jeff Hornacek,SG,32,UTA,82,2588,19.1,0.619,0.253,0.33,3,6.8,5,21.2,2.2,0.6,11.2,20.1,,7.9,2.4,10.2,0.19,,3.8,0.5,4.4,4.2
170,Robert Horry,SF,25,HOU,71,2634,13.7,0.537,0.53,0.195,4.3,13.2,8.9,16.1,2.3,2.9,16.8,16.3,,1.5,3.4,4.9,0.089,,0.7,1.6,2.3,2.8
171,Allan Houston,SG,24,DET,82,3072,15.7,0.576,0.359,0.291,2.2,9.3,5.9,15.5,1.1,0.4,14.2,25.4,,4.2,3,7.1,0.112,,1.9,-0.9,1,2.3
172,Byron Houston,PF,26,SAC,25,276,13.1,0.57,0.047,0.406,13,22.3,17.6,4,2.4,1.9,18.4,14.7,,0.3,0.4,0.7,0.117,,-3.1,0.4,-2.8,-0.1
173,Juwan Howard,PF,22,WSB,81,3294,17,0.53,0.009,0.284,6.9,16.5,11.8,18.7,1,0.8,15.2,27,,2.5,3.1,5.6,0.082,,0.6,-1,-0.4,1.3
174,Lindsey Hunter,PG,25,DET,80,2138,11.2,0.499,0.46,0.191,2.6,8.2,5.5,14.7,2.2,0.7,10.5,17,,1.3,2.6,3.9,0.089,,-0.8,1.1,0.3,1.2
175,Bobby Hurley,PG,24,SAC,72,1059,6.5,0.411,0.33,0.37,1.3,6.9,4.1,29.5,1.4,0.2,24.3,14.7,,-0.7,0.4,-0.3,-0.013,,-4.1,-1.8,-5.9,-1
176,Jaren Jackson,SG,28,HOU,4,33,1.5,0.323,0.625,1.25,0,10.1,5.1,0,1.6,0,0,16.9,,-0.1,0,0,-0.049,,-10.2,-2,-12.2,-0.1
177,Jim Jackson,SG,25,DAL,82,2820,16.6,0.538,0.255,0.32,5.9,9.7,7.6,14.3,0.8,0.5,11.3,24.9,,4.8,0.6,5.4,0.092,,1.8,-2.1,-0.3,1.2
178,Mark Jackson,PG,30,IND,81,2643,15.9,0.568,0.238,0.305,3.2,11,7.3,37.4,2,0.2,22.1,15.8,,4.6,2.6,7.2,0.13,,2.5,0.2,2.7,3.1
179,Henry James,PF,30,HOU,7,58,9.9,0.573,0.625,0.208,6,5.7,5.9,5.7,0,0,13.2,23.4,,0.1,0,0.1,0.058,,-2.2,-2.6,-4.8,0
180,Avery Johnson,PG,30,SAS,82,3084,16.3,0.534,0.035,0.295,1.4,5.9,3.7,39.1,2,0.5,16.3,17.5,,5.6,3.5,9.1,0.141,,1.4,0.3,1.7,2.9
181,Darryl Johnson,PG,30,CLE,11,28,9.7,0.466,0.083,0.167,9.3,0,4.8,6.9,0,0,7.2,25,,0,0,0,0.01,,-4.2,-4.2,-8.4,0
182,Eddie Johnson,SF,36,IND,62,1002,13.1,0.505,0.294,0.181,5.8,13,9.5,12,1.1,0.3,10.6,24.1,,0.8,0.8,1.6,0.077,,0.2,-1.4,-1.2,0.2
183,Ervin Johnson,C,28,SEA,81,1519,13.1,0.547,0.009,0.361,10.5,22.6,16.8,4.8,1.3,6.7,19.4,14.9,,0.5,3.4,3.9,0.123,,-3.2,2.1,-1.1,0.4
184,Kevin Johnson,PG,29,PHO,56,2007,22.8,0.617,0.085,0.591,2.5,10.2,6.4,41.5,2.1,0.5,16.7,22.6,,6.9,1.3,8.2,0.195,,4.5,0.3,4.7,3.4
185,Larry Johnson,PF,26,CHH,81,3274,19.8,0.563,0.149,0.46,9,16.4,12.7,18,0.9,1,11,22.9,,8.8,1.3,10.1,0.149,,3.9,-1.1,2.8,3.9
186,Magic Johnson*,PF,36,LAL,32,958,21.1,0.612,0.197,0.684,5,17,11.1,34.1,1.4,1,21.2,22.7,,2.6,1.1,3.6,0.181,,4.7,0.5,5.2,1.8
187,Charles Jones,PF,38,HOU,46,297,8.1,0.324,0,0.684,10.9,17.1,14.1,5.3,0.9,5.8,10.8,4.2,,0.2,0.4,0.6,0.09,,-3.8,1.6,-2.2,0
188,Eddie Jones,SG,24,LAL,70,2184,17,0.583,0.331,0.269,2.4,9.8,6.2,17,3.1,1.4,11.4,17.8,,4.1,2.7,6.8,0.15,,1.4,1.9,3.3,2.9
189,Popeye Jones,PF,25,DAL,68,2322,13.4,0.486,0.053,0.181,10.8,23.6,16.6,8.8,1.2,0.8,12.1,16.2,,1.7,1.9,3.7,0.076,,-1.9,-0.8,-2.7,-0.4
190,Michael Jordan*,SG,32,CHI,82,3090,29.4,0.582,0.141,0.355,5.6,14.9,10.2,21.2,3.1,1,8.4,33.3,,14.2,6.2,20.4,0.317,,8.3,2.2,10.5,9.8
191,Reggie Jordan,PG,28,ATL,24,247,17.1,0.536,0,0.535,10.6,14.5,12.4,19.2,2.6,2.2,17.8,19.4,,0.3,0.3,0.6,0.118,,0.3,1.1,1.4,0.2
192,Adam Keefe,PF,25,UTA,82,1708,13.8,0.574,0.012,0.581,13,19.5,16.3,5.5,1.6,2,16.8,14,,2.3,2.3,4.6,0.13,,-0.5,0,-0.6,0.6
193,Shawn Kemp,PF,26,SEA,79,2631,22.6,0.631,0.013,0.709,13,26.9,20.3,11.5,1.8,3.8,20.4,26.2,,5.2,6.1,11.2,0.205,,1.5,1.3,2.8,3.2
194,Tim Kempton,PF,32,ATL,3,11,-6.2,,,,0,22.4,10.7,12,0,0,100,4.1,,0,0,0,-0.06,,-16,2.6,-13.3,0
195,Steve Kerr,PG,30,CHI,82,1919,15.2,0.663,0.492,0.174,1.5,5.2,3.3,14.1,1.7,0.1,7.5,12.9,,6,2.3,8.3,0.208,,2.4,1,3.4,2.6
196,Jerome Kersey,SF,33,GSW,76,1620,13.1,0.452,0.034,0.294,10.8,15,12.9,10.9,2.9,2,11.7,17.2,,0.6,1.8,2.4,0.071,,-1.8,1,-0.9,0.5
197,Randolph Keys,SF,29,MIL,69,816,10.8,0.511,0.341,0.207,6,12.8,9.4,12,2.1,1.3,12.7,14.6,,0.7,0.6,1.2,0.072,,-2,0.7,-1.3,0.1
198,Jason Kidd*,PG,22,DAL,81,3034,17.8,0.468,0.306,0.256,6.5,13.3,9.6,41.5,2.9,0.6,18.6,24.3,,1.7,2.6,4.3,0.068,,2.3,-0.3,2,3
199,Chris King,SF,26,VAN,80,1930,10.8,0.492,0.193,0.232,6,11.5,8.7,9.5,1.9,1.3,13.8,17.7,,-0.5,1.6,1.1,0.028,,-2.1,-0.3,-2.5,-0.2
200,Frankie King,PG,23,LAL,6,20,0.7,0.284,0.091,0.273,5.9,5.7,5.8,15,5.2,0,14,32.1,,-0.1,0,-0.1,-0.234,,-13.1,-1.4,-14.5,-0.1
201,Jimmy King,SG,22,TOR,62,868,9.9,0.483,0.133,0.302,5.9,9.2,7.6,15.6,1.2,1.1,17.2,17.7,,-0.1,0.1,0,0,,-2.7,-2.1,-4.8,-0.6
202,Stacey King,PF,29,MIA,15,156,2,0.481,0,0.222,6.9,10.2,8.6,2.1,2.4,1,31.3,16.8,,-0.4,0.2,-0.2,-0.054,,-9.6,1.4,-8.3,-0.2
203,Joe Kleine,C,34,PHO,56,663,6.8,0.456,0.041,0.148,6.4,16.5,11.5,9.7,1,0.7,17.1,14.6,,-0.3,0.4,0.1,0.007,,-5.4,-0.8,-6.1,-0.7
204,Jon Koncak,C,32,ORL,67,1288,7.1,0.507,0.051,0.326,5.8,18.5,12.3,5.3,1.1,2.5,17,8.5,,0.3,1.6,2,0.073,,-4.8,1.2,-3.5,-0.5
205,Toni Kuko?*,SF,27,CHI,81,2103,20.4,0.589,0.274,0.339,6.4,11.5,8.9,21,1.6,1,11.2,21.4,,6.9,3.2,10.1,0.231,,4.6,0.9,5.4,4
206,Christian Laettner,C,26,TOT,74,2495,17.7,0.563,0.043,0.437,8.6,17.2,12.8,13.7,1.5,2.2,14.7,22.6,,3.9,2.4,6.2,0.12,,0.7,-0.1,0.6,1.6
206,Christian Laettner,C,26,MIN,44,1518,18,0.566,0.053,0.457,7.7,16.1,11.9,15,1.4,2.2,13.8,23.7,,2.5,1.2,3.7,0.116,,1.5,-0.3,1.2,1.2
206,Christian Laettner,C,26,ATL,30,977,17.2,0.556,0.025,0.4,10,18.9,14.3,11.7,1.7,2.2,16.4,21,,1.4,1.2,2.5,0.125,,-0.6,0.2,-0.3,0.4
207,Andrew Lang,C,29,TOT,71,2365,11.9,0.484,0.006,0.197,7.5,15.6,11.4,4.6,0.9,4.1,12.6,18.6,,0.1,2.3,2.3,0.047,,-3,-0.4,-3.4,-0.8
207,Andrew Lang,C,29,ATL,51,1815,12.4,0.49,0.005,0.191,6.9,15.1,10.9,5.7,1,3.6,12.3,18.9,,0.4,1.8,2.2,0.058,,-2.5,-0.4,-2.9,-0.4
207,Andrew Lang,C,29,MIN,20,550,10.1,0.466,0.012,0.222,9.1,17.2,13.2,0.9,0.7,5.7,13.8,17.5,,-0.4,0.5,0.2,0.013,,-4.4,-0.5,-4.9,-0.4
208,Antonio Lang,SF,23,CLE,41,367,11.5,0.594,0.026,0.61,6.1,13.3,9.6,5.6,2.2,2.9,19.7,16.7,,0.2,0.5,0.7,0.09,,-4.8,1.3,-3.5,-0.1
209,Eric Leckner,C,29,DET,18,155,8.8,0.634,0,0.448,6.5,19.5,13.3,1.1,0.7,2,24.1,14.1,,0,0.2,0.2,0.075,,-5.3,0.1,-5.2,-0.1
210,Tim Legler,SG,29,WSB,77,1775,15.9,0.688,0.533,0.333,2,7.2,4.6,11.3,1.3,0.5,7.9,14.4,,5.7,1.1,6.8,0.184,,3.1,0.1,3.2,2.3
211,Voshon Lenard,SG,22,MIA,30,323,15.9,0.55,0.716,0.305,4.4,14.1,9.4,16.9,1,0.2,12.6,25.7,,0.5,0.4,0.9,0.135,,3.2,-0.7,2.5,0.4
212,Cedric Lewis,C,26,WSB,3,4,62.7,0.667,0,0,60,0,29.4,0,12.8,0,0,33.5,,0,0,0.1,0.613,,23.7,1.9,25.6,0
213,Martin Lewis,SF,20,TOR,16,189,11.2,0.528,0.117,0.417,9.4,8.9,9.1,2.5,2.2,1.2,16.5,19.8,,0,0.1,0,0.011,,-3.3,-2.8,-6.1,-0.2
214,Alton Lister,C,37,TOT,64,735,9.6,0.537,0,0.61,10.1,33.6,21.5,3.6,0.4,4,26.5,10.7,,-0.1,1,0.9,0.06,,-5,0.8,-4.2,-0.4
214,Alton Lister,C,37,MIL,7,88,7.4,0.506,0,0.222,9.6,31.2,20.2,6.3,0,2.6,28.8,7.2,,0,0.1,0.1,0.049,,-5.8,0.9,-4.9,-0.1
214,Alton Lister,C,37,BOS,57,647,9.9,0.539,0,0.646,10.1,33.9,21.7,3.2,0.5,4.2,26.3,11.1,,-0.1,0.9,0.8,0.061,,-4.9,0.8,-4.1,-0.3
215,Brad Lohaus,PF,31,TOT,55,598,10.6,0.556,0.697,0.029,1.4,10.6,6.1,11.2,0.9,2.1,10.1,15.1,,0.5,0.7,1.3,0.101,,-0.1,1,0.9,0.4
215,Brad Lohaus,PF,31,SAS,32,273,11,0.55,0.677,0.031,2.1,11,6.7,9.5,0.4,1.8,8.5,17.5,,0.3,0.3,0.5,0.096,,0,0.2,0.2,0.2
215,Brad Lohaus,PF,31,NYK,23,325,10.2,0.563,0.722,0.025,0.8,10.3,5.6,12.6,1.3,2.4,12.1,13,,0.3,0.4,0.7,0.104,,-0.2,1.6,1.5,0.3
216,Grant Long,PF,29,ATL,82,3008,16.2,0.546,0.103,0.402,9.4,22.1,15.5,9.7,1.9,0.9,13.7,17.1,,4.7,3.8,8.4,0.134,,0.6,0.2,0.7,2.1
217,Luc Longley,C,27,CHI,62,1641,11.9,0.515,0,0.205,7.4,15.2,11.3,10.6,0.7,3.9,17.2,17.8,,0.7,2.8,3.5,0.101,,-2.9,1.3,-1.6,0.2
218,George Lynch,SF,25,LAL,76,1012,11.4,0.474,0.048,0.294,9.6,14.3,12,7.2,2.4,0.7,11.5,15.4,,0.4,1.3,1.7,0.08,,-2.2,0.1,-2.1,0
219,Sam Mack,SF,25,HOU,31,868,13.1,0.545,0.47,0.16,2.4,10.2,6.4,14.3,1.3,0.7,8.4,17.4,,1.2,0.6,1.9,0.103,,-0.4,-1.2,-1.6,0.1
220,Don MacLean,SF,26,DEN,56,1107,15.7,0.493,0.09,0.362,6.5,15,10.7,14.7,1,0.3,9.7,28.3,,0.7,0.8,1.5,0.064,,0.2,-1.5,-1.3,0.2
221,Mark Macon,PG,26,DET,23,287,9.5,0.515,0.224,0.164,4.4,4.9,4.6,9.2,2.9,0,11.1,13.4,,0.2,0.4,0.5,0.092,,-3,2.2,-0.9,0.1
222,Rick Mahorn,C,37,NJN,50,450,7.5,0.421,0.008,0.385,7.4,19.8,13.4,5.7,1.6,2.2,17.4,16.8,,-0.5,0.6,0.1,0.011,,-6.1,0.5,-5.6,-0.4
223,Dan Majerle,SF,30,CLE,82,2367,15.1,0.53,0.553,0.226,3.9,13.4,8.6,15.9,2,1.3,10.2,19.5,,3,2.6,5.5,0.112,,1.7,0.2,1.9,2.3
224,Jeff Malone,SG,34,TOT,32,510,8.8,0.449,0.083,0.166,1.8,7.4,4.5,9,1.6,0,9.6,20.1,,-0.3,0.1,-0.2,-0.022,,-4.2,-1.3,-5.5,-0.4
224,Jeff Malone,SG,34,PHI,25,407,9,0.452,0.1,0.163,2.2,7,4.5,8.4,1.7,0,10,20.9,,-0.3,0,-0.3,-0.036,,-3.9,-2,-5.9,-0.4
224,Jeff Malone,SG,34,MIA,7,103,8,0.435,0,0.182,0,8.8,4.5,11.2,1.5,0,7.8,17,,0,0.1,0.1,0.034,,-5.1,1.5,-3.6,0
225,Karl Malone*,PF,32,UTA,82,3113,26,0.575,0.026,0.466,7.1,24.2,15.8,20.6,2.4,1.5,9.8,29.8,,9.9,5.3,15.1,0.233,,5.6,1.4,7,7.1
226,Danny Manning,PF,29,PHO,33,816,14.7,0.506,0.036,0.281,4.3,15.8,10.1,13.9,2.4,2.2,15,28,,-0.5,0.9,0.4,0.026,,-2.8,0.1,-2.6,-0.1
227,Rich Manning,PF,25,VAN,29,311,7.6,0.449,0.009,0.124,5.8,15.2,10.4,4.2,0.5,1.5,12.5,20,,-0.4,0.2,-0.2,-0.035,,-6,-2,-8,-0.5
228,Šar?nas Mar?iulionis*,SG,31,SAC,53,1039,16.7,0.599,0.404,0.514,2.2,6.4,4.3,19.5,2.6,0.3,16.8,24.2,,1.9,0.7,2.6,0.12,,1.6,-0.3,1.3,0.9
229,Donny Marshall,SF,23,CLE,34,208,10.5,0.462,0.441,0.515,5.7,11.1,8.3,5.8,2.2,0.9,7.7,22,,0,0.2,0.2,0.051,,-3.9,-1.3,-5.2,-0.2
230,Donyell Marshall,SF,22,GSW,62,934,12.7,0.488,0.299,0.264,7.9,18.4,13.1,8.2,1.2,2.4,12,18.6,,0.5,0.8,1.3,0.065,,-0.9,-0.8,-1.7,0.1
231,Cuonzo Martin,SG,24,VAN,4,19,20.6,0.765,0.6,0.4,6,6.4,6.2,19.5,2.8,0,14.5,16.5,,0.1,0,0.1,0.17,,7.3,1.8,9.2,0.1
232,Darrick Martin,PG,24,TOT,59,1149,11.7,0.5,0.191,0.331,1.6,6.9,4.2,31.1,2.4,0.2,20.5,20.3,,-0.2,0.7,0.5,0.023,,-2.3,-0.9,-3.1,-0.3
232,Darrick Martin,PG,24,VAN,24,402,14.3,0.532,0.168,0.351,3.7,7.6,5.5,27.6,3.5,0.2,19.7,21.4,,0.1,0.4,0.5,0.059,,-1.9,0.6,-1.4,0.1
232,Darrick Martin,PG,24,MIN,35,747,10.3,0.482,0.203,0.32,0.5,6.6,3.5,32.9,1.8,0.2,21,19.8,,-0.2,0.3,0.1,0.003,,-2.4,-1.6,-4.1,-0.4
233,Jamal Mashburn,SF,23,DAL,18,669,14.4,0.478,0.266,0.347,5.3,10.3,7.6,13.2,1.1,0.3,11.1,30.9,,0,0.2,0.2,0.014,,1,-2.5,-1.5,0.1
234,Anthony Mason,SF,29,NYK,82,3457,15.8,0.61,0,0.519,7.8,18.1,13.1,16.7,1.1,0.8,17.7,16.1,,6.3,5,11.3,0.157,,1,0.9,1.9,3.4
235,Tony Massenburg,PF,28,TOT,54,1463,13,0.538,0.007,0.363,10,18.3,14.1,3.4,1,1,12.7,17.4,,1.2,0.6,1.7,0.057,,-1.9,-2.1,-4,-0.7
235,Tony Massenburg,PF,28,TOR,24,659,12.9,0.541,0,0.332,9.4,20.7,15,4.4,1,1,13.5,17.4,,0.5,0.3,0.8,0.057,,-1.9,-1.7,-3.6,-0.3
235,Tony Massenburg,PF,28,PHI,30,804,13.1,0.535,0.013,0.39,10.5,16.4,13.4,2.6,1,1,12.1,17.5,,0.7,0.2,0.9,0.056,,-1.9,-2.4,-4.3,-0.5
236,Vernon Maxwell,PG,30,PHI,75,2467,13.9,0.508,0.437,0.316,1.8,9.1,5.4,24.7,2,0.4,15.2,25.6,,0.4,0.5,0.9,0.018,,0,-1.7,-1.7,0.2
237,Lee Mayberry,PG,25,MIL,82,1705,11.2,0.536,0.519,0.187,1.5,5.1,3.2,26.1,2,0.5,18.4,13,,1.7,0.5,2.1,0.06,,-0.4,-0.5,-0.9,0.5
238,Bob McCann,PF,31,WSB,62,653,9.1,0.507,0.013,0.484,8.5,17.1,12.9,5.3,1.6,1.6,18.5,15.6,,-0.2,0.8,0.6,0.044,,-4.7,0.2,-4.5,-0.4
239,George McCloud,SF,28,DAL,79,2846,15.9,0.543,0.529,0.175,3.9,10.6,7,12.5,2,0.9,10.7,22.6,,4.2,1.6,5.8,0.098,,1.9,-0.6,1.4,2.4
240,Clint McDaniel,SG,23,SAC,12,71,15.6,0.499,0.261,0.696,4.9,11.5,8.2,15.4,3.6,0,6.2,19.8,,0.1,0.1,0.2,0.151,,-0.5,2.2,1.7,0.1
241,Antonio McDyess,PF,21,DEN,76,2280,15.6,0.516,0.005,0.276,11.6,17.4,14.5,5.8,1.2,3.6,13.5,22.4,,0.9,2.7,3.6,0.075,,-1.4,-0.5,-1.9,0
242,Jim McIlvaine,C,23,WSB,80,1195,9.7,0.476,0,0.724,6.6,15.8,11.3,1.2,0.9,9.9,15.8,8.5,,-0.1,1.9,1.8,0.074,,-3.9,3.1,-0.8,0.4
243,Derrick McKey,SF,29,IND,75,2440,14.2,0.543,0.096,0.31,6.5,11.8,9.2,17.5,1.8,1.4,15,17.9,,3.1,2.6,5.7,0.112,,0.7,1.2,1.9,2.4
244,Aaron McKie,SG,23,POR,81,2259,13.4,0.534,0.162,0.276,4.4,10.9,7.7,14.6,2.1,0.7,14.3,18.3,,2.1,3.2,5.3,0.113,,-1.3,1.7,0.4,1.4
245,Nate McMillan,PG,31,SEA,55,1261,12.9,0.537,0.508,0.172,4,15.1,9.8,22.5,3.9,1.1,22.7,11.7,,1,2.7,3.7,0.141,,-0.4,4.2,3.7,1.8
246,Loren Meyer,C,23,DAL,72,1266,9.4,0.484,0.033,0.309,8.7,18.6,13.2,6.7,0.8,1.8,15.2,14.5,,0.2,0.8,1.1,0.041,,-5.2,-0.7,-5.9,-1.3
247,Anthony Miller,PF,24,LAL,27,123,7.8,0.457,0.057,0.286,10.6,13,11.8,4.7,1.7,0.6,16.9,17.3,,-0.1,0.1,0,0.014,,-5.2,-1.4,-6.6,-0.1
248,Oliver Miller,PF,25,TOR,76,2516,16.2,0.55,0.014,0.278,8.3,18.3,13.3,14.2,2.2,4.3,18.5,19.2,,1.3,2.4,3.8,0.072,,-0.9,0.9,0,1.2
249,Reggie Miller*,SG,30,IND,76,2621,20.1,0.625,0.385,0.467,1.9,8.1,5.1,17.2,1.6,0.4,12.8,25.8,,8.3,2,10.3,0.188,,5.1,-0.4,4.7,4.5
250,Chris Mills,SF,26,CLE,80,3060,15.2,0.554,0.216,0.271,4.8,14.6,9.6,11.2,1.4,1.5,10,19.9,,4.7,3.1,7.8,0.122,,0.1,-0.2,-0.1,1.5
251,Terry Mills,PF,28,DET,82,1656,15.2,0.517,0.307,0.233,8.2,17.2,12.9,11,1.4,1,11.6,24.3,,1.3,2.4,3.7,0.106,,0.3,-0.3,0,0.8
252,Harold Miner,SG,24,CLE,19,136,7.6,0.528,0.192,0.25,3.8,8,5.9,11.2,0,0,19.5,26.6,,-0.1,0,-0.1,-0.029,,-5.8,-3.3,-9.1,-0.2
253,Greg Minor,SG,24,BOS,78,1761,14,0.535,0.042,0.203,5.8,10.7,8.2,13.5,1,0.4,10.1,18.9,,2.3,0.7,3,0.082,,-0.3,-1.3,-1.6,0.2
254,Sam Mitchell,SF,32,MIN,78,2145,13,0.566,0.029,0.471,6,12.9,9.5,5.7,1.2,0.9,10.4,17.2,,3.1,1.1,4.3,0.095,,-1.2,-1,-2.2,-0.1
255,Eric Mobley,C,25,TOT,39,676,9.4,0.533,0.014,0.63,9.1,15.5,12.2,5.6,1.1,2.7,22.1,15.3,,-0.4,0.6,0.2,0.015,,-4.7,-0.4,-5.1,-0.5
255,Eric Mobley,C,25,MIL,5,65,3.9,0.342,0,0.571,5.6,17.3,11.3,0,0.8,1.2,10.2,6.9,,0,0,0,-0.01,,-4.8,-1.1,-6,-0.1
255,Eric Mobley,C,25,VAN,34,611,10,0.543,0.015,0.634,9.5,15.3,12.3,6.2,1.1,2.8,22.6,16.2,,-0.4,0.6,0.2,0.017,,-4.7,-0.3,-5,-0.5
256,Eric Montross,C,24,BOS,61,1432,10.6,0.546,0,0.384,9.1,18.7,13.8,4.6,0.7,1.4,17,14.7,,0.3,1,1.3,0.044,,-2.9,-1.1,-4,-0.7
257,Tracy Moore,SG,30,HOU,8,190,12.4,0.539,0.395,0.25,6.1,7,6.6,5.1,0.5,0,8.7,21.9,,0.2,0.1,0.3,0.076,,-0.6,-3.8,-4.4,-0.1
258,Chris Morris,SG,30,UTA,66,1424,15.8,0.522,0.325,0.21,8.8,10.8,9.9,8.9,2.4,1.2,9.7,23.6,,1.7,1.7,3.3,0.112,,1.3,-0.5,0.8,1
259,Lawrence Moten,SG,23,VAN,44,573,15.7,0.52,0.223,0.304,7.1,5.3,6.2,17.4,2.7,1.1,13.6,25.8,,0.1,0.4,0.6,0.047,,0.9,-0.3,0.6,0.4
260,Alonzo Mourning*,C,25,MIA,70,2671,22.7,0.584,0.028,0.662,9.7,21.7,15.9,11.4,1.4,5.5,15.9,28.1,,4.4,5.5,9.9,0.178,,2.2,2,4.2,4.2
261,Chris Mullin*,SF,32,GSW,55,1617,16.7,0.602,0.278,0.297,3.1,8.3,5.7,19.8,2.4,1.4,16.7,19.7,,2.9,1.1,4,0.117,,1.9,0.2,2.1,1.7
262,Todd Mundt,C,25,TOT,33,151,7,0.416,0,0.195,8.2,13.8,10.9,3,0.7,2.5,6.3,14,,0,0.1,0.1,0.035,,-5.6,-1.5,-7.1,-0.2
262,Todd Mundt,C,25,ATL,24,118,8,0.436,0,0.25,9.6,15.7,12.5,2.6,0.5,2.6,7.8,14.7,,0,0.1,0.1,0.049,,-5.1,-1.6,-6.6,-0.1
262,Todd Mundt,C,25,BOS,9,33,3.7,0.333,0,0,3.3,7,5.1,4.3,1.5,2.1,0,11.7,,0,0,0,-0.016,,-7.3,-1.2,-8.5,-0.1
263,Eric Murdock,PG,27,TOT,73,1673,16.2,0.498,0.247,0.244,1.8,10.4,5.9,35.1,4.3,0.4,16.9,21.3,,0.4,2.2,2.5,0.073,,-0.7,1.9,1.2,1.3
263,Eric Murdock,PG,27,MIL,9,193,10.4,0.435,0.348,0.182,3.1,5.8,4.4,28.1,1.7,0,14.4,19.7,,0,0,0,0,,-1.8,-1.1,-2.8,0
263,Eric Murdock,PG,27,VAN,64,1480,16.9,0.505,0.234,0.251,1.6,11,6.1,36,4.6,0.5,17.2,21.6,,0.4,2.1,2.5,0.082,,-0.5,2.3,1.8,1.4
264,Gheorghe Mure?an,C,24,WSB,76,2242,21,0.6,0.001,0.348,13.3,24.7,19.1,4.2,1.2,5.5,13.4,21.2,,4.3,3.8,8,0.172,,0.9,0.8,1.6,2.1
265,Lamond Murray,SF,22,LAC,77,1816,11.1,0.513,0.202,0.23,5.8,10.6,8.1,7.1,1.7,1,14.6,18.2,,0.3,0.9,1.2,0.032,,-1.4,-1,-2.4,-0.2
266,Tracy Murray,SF,24,TOR,82,2458,16.8,0.557,0.328,0.201,5.5,11.6,8.5,9.3,1.8,1.2,10,23.7,,4,0.9,4.9,0.096,,2,-1.8,0.1,1.3
267,Dikembe Mutombo*,C,29,DEN,74,2713,17.1,0.562,0.002,0.622,10.6,26.6,18.6,6.1,0.7,8.8,17.1,14.4,,2.6,5,7.6,0.134,,-0.7,2.8,2.1,2.8
268,Pete Myers,SG,32,TOT,71,1092,8.4,0.459,0.235,0.494,3.8,11.4,7.6,20.1,1.6,1.2,21.2,15.9,,-0.5,1.1,0.6,0.026,,-3.4,0.5,-2.8,-0.2
268,Pete Myers,SG,32,MIA,39,639,8.9,0.476,0.263,0.475,3.9,9.3,6.7,23.8,1.2,1.3,22.5,17.7,,-0.3,0.7,0.5,0.035,,-2.9,0.2,-2.7,-0.1
268,Pete Myers,SG,32,CHH,32,453,7.8,0.429,0.184,0.529,3.7,14.5,9,14.8,2.3,1,18.9,13.2,,-0.2,0.3,0.1,0.013,,-4.1,1,-3.1,-0.1
269,Howard Nathan,PG,24,ATL,5,15,11.3,0.604,0.111,0.444,0,0,0,31.5,10.7,0,42.6,56.2,,-0.2,0,-0.1,-0.37,,-11.7,-0.5,-12.2,0
270,Johnny Newman,SG,32,MIL,82,2690,11.5,0.592,0.25,0.357,3,6.2,4.6,8.8,1.8,0.4,12.6,14.6,,3.7,0.7,4.4,0.079,,-1.2,-0.1,-1.4,0.4
271,Ken Norman,SF,31,ATL,34,770,13.4,0.517,0.308,0.176,5.9,14.7,10.1,13.8,1,1.6,13.5,19.9,,0.5,0.6,1.1,0.069,,0,-1.1,-1,0.2
272,Ed O'Bannon,SG,23,NJN,64,1253,9.2,0.446,0.14,0.27,5.6,9.3,7.4,8.4,1.9,0.7,12.2,17.8,,-0.5,1.1,0.7,0.026,,-3.4,0,-3.4,-0.4
273,Shaquille O'Neal*,C,23,ORL,54,1946,26.4,0.57,0.002,0.495,11.1,24.2,17.8,15.9,0.9,4.4,11,32.8,,3.9,3,6.9,0.171,,3.5,0.2,3.7,2.8
274,Dan O'Sullivan,C,27,TOR,5,139,8.4,0.428,0.029,0.229,11.1,16.4,13.7,2.1,0.7,2.2,11.5,13.8,,0,0,0,0.008,,-4.5,-3.6,-8.1,-0.2
275,Charles Oakley,PF,32,NYK,53,1775,15.1,0.559,0.058,0.469,11.1,19.3,15.3,12.1,1.7,0.6,16.1,16.9,,2.6,3,5.6,0.15,,-0.1,1,0.9,1.3
276,Hakeem Olajuwon*,C,33,HOU,72,2797,25.5,0.558,0.009,0.367,7.3,24,15.9,18.3,2.1,5.3,12.5,31.9,,4.5,5.2,9.7,0.166,,2.8,2,4.9,4.9
277,Greg Ostertag,C,22,UTA,57,661,13.2,0.505,0,0.297,10.9,21.3,16.2,1.1,0.4,7.9,10.8,16,,0.4,1.1,1.4,0.104,,-2.6,0.5,-2.1,0
278,Bo Outlaw,PF,24,LAC,80,985,15.6,0.556,0.016,0.871,10.4,14,12.2,7.4,2.3,6.9,14.9,13.7,,1,1.2,2.3,0.111,,-0.8,2.4,1.6,0.9
279,Doug Overton,PG,26,DEN,55,607,9.9,0.45,0.146,0.309,1.5,10.5,6,27,1.1,0.6,16.5,17.8,,-0.1,0.4,0.2,0.02,,-2.5,-0.8,-3.3,-0.2
280,Billy Owens,SF,26,TOT,62,1982,14.2,0.517,0.027,0.367,8.5,15.5,12.1,17.8,1.3,1.5,17.3,21.5,,0.7,2.5,3.2,0.077,,-0.2,0.5,0.3,1.2
280,Billy Owens,SF,26,MIA,40,1388,14.8,0.536,0.013,0.374,8.1,15.7,12,17.2,1.1,1.2,17,21.7,,0.8,2,2.7,0.095,,0.2,0.6,0.8,1
280,Billy Owens,SF,26,SAC,22,594,12.8,0.472,0.06,0.35,9.5,14.9,12.2,19.3,1.6,2,18.1,20.8,,-0.1,0.6,0.4,0.035,,-1,0.1,-0.9,0.2
281,Robert Pack,PG,26,WSB,31,1084,19.3,0.534,0.221,0.41,3.2,11,7.2,35.3,2.9,0.1,17.9,26.3,,1.5,1.2,2.7,0.121,,2.4,-0.4,2,1.1
282,Robert Parish*,C,42,CHH,74,1086,13,0.533,0,0.295,9.7,24.4,16.9,4,1,3.7,15.5,13.4,,0.7,1,1.7,0.074,,-1,-0.1,-1.1,0.2
283,Cherokee Parks,C,23,DAL,64,869,10.9,0.456,0.105,0.251,7.3,19.9,13,5,1.4,2.6,10.2,14.6,,0.1,0.8,0.9,0.05,,-3.8,-0.2,-3.9,-0.4
284,Gary Payton*,PG,27,SEA,81,3162,19.6,0.554,0.234,0.24,4.1,8.4,6.3,33.3,3.7,0.5,15.6,23.6,,5.9,5.6,11.5,0.174,,2.8,1.8,4.6,5.2
285,Anthony Peeler,SG,26,LAL,73,1608,14.1,0.555,0.422,0.143,3.3,6.5,5,11.3,1.9,0.4,8,19.4,,2.5,1.2,3.7,0.11,,0.7,-0.6,0.1,0.9
286,Mike Peplowski,C,25,TOT,7,17,9.8,0.554,0,0.6,7.1,22,14.4,11.3,3.1,9.1,24,22.4,,0,0,0,0.036,,-12.4,4.9,-7.4,0
286,Mike Peplowski,C,25,WSB,2,5,-12.5,,,,0,0,0,0,0,0,,0,,0,0,0,0.01,,-18,-0.3,-18.3,0
286,Mike Peplowski,C,25,MIL,5,12,19.2,0.554,0,0.6,10,31.2,20.4,16.1,4.4,12.8,24,31.7,,0,0,0,0.048,,-10,7.1,-2.9,0
287,Will Perdue,C,30,SAS,80,1396,13.7,0.535,0.003,0.378,14.5,23.8,19.3,3.5,1,3.8,18.2,15.2,,0.7,2.7,3.4,0.118,,-2.3,0.6,-1.7,0.1
288,Sam Perkins,PF,34,SEA,82,2169,15.4,0.537,0.455,0.302,5.8,13.8,10,8.9,2,1.8,8.3,20.3,,3.4,3.5,6.9,0.153,,1.7,0.4,2,2.2
289,Elliot Perry,PG,26,PHO,81,1668,16.2,0.549,0.107,0.353,2.4,7,4.7,33.3,2.7,0.2,18.7,20.8,,1.9,1.1,3.1,0.088,,0.5,-0.6,-0.2,0.8
290,Tim Perry,PF,30,TOT,30,254,12,0.515,0.123,0.138,9,12.1,10.5,5.3,0.8,3.9,12.7,13.7,,0.1,0.2,0.3,0.062,,-0.8,-0.1,-1,0.1
290,Tim Perry,PF,30,PHI,8,87,9.1,0.492,0.056,0.167,7.8,9.5,8.6,3.7,1.2,2.5,13.4,11.5,,0,0,0,0.015,,-2.1,-0.9,-3,0
290,Tim Perry,PF,30,NJN,22,167,13.5,0.524,0.149,0.128,9.7,13.5,11.5,6.1,0.6,4.6,12.4,14.8,,0.1,0.2,0.3,0.087,,-0.2,0.3,0.1,0.1
291,Chuck Person,SF,31,SAS,80,2131,13.6,0.581,0.657,0.148,4.1,16.9,10.8,7.2,1.2,0.9,10.8,17.8,,2.4,3.1,5.5,0.125,,1.3,0.2,1.5,1.9
292,Wesley Person,SG,24,PHO,82,2609,12.6,0.543,0.357,0.219,2.5,11.6,7.1,8.2,1.1,0.6,8.5,17.9,,2.9,1.2,4,0.074,,0.1,-1.2,-1.2,0.6
293,Bobby Phills,SG,26,CLE,72,2530,16.8,0.564,0.255,0.291,3.2,10.7,6.9,19.7,2.4,0.9,11.9,21.1,,4.5,2.7,7.1,0.136,,1.1,0.6,1.7,2.3
294,Eric Piatkowski,SG,25,LAC,65,784,12.2,0.541,0.471,0.339,6,9.8,7.9,9.2,1.6,1,13.9,18.4,,0.8,0.4,1.2,0.071,,-0.3,-0.9,-1.2,0.2
295,Ricky Pierce,SG,36,IND,76,1404,14.8,0.542,0.176,0.347,3.7,8.3,6,12.7,2.2,0.3,12,25.3,,1.8,1.3,3.1,0.107,,-0.7,0.1,-0.6,0.5
296,Ed Pinckney,PF,32,TOT,74,1710,14.3,0.578,0.009,0.534,12.8,18.8,15.8,6.4,1.9,1.2,15.7,12.7,,2.6,1.1,3.7,0.105,,-0.5,-0.6,-1.1,0.4
296,Ed Pinckney,PF,32,TOR,47,1031,14.6,0.57,0.013,0.532,13.2,19.4,16.3,7.3,1.5,1.3,15.8,14.6,,1.6,0.6,2.2,0.101,,-0.3,-1,-1.3,0.2
296,Ed Pinckney,PF,32,PHI,27,679,13.9,0.594,0,0.539,12.3,17.8,15,5.2,2.5,1.2,15.4,9.8,,1,0.5,1.6,0.11,,-0.8,-0.1,-0.9,0.2
297,Scottie Pippen*,SF,30,CHI,77,2825,21,0.551,0.33,0.266,6.3,14.2,10.2,25.2,2.5,1.5,13.2,24.4,,7,5.3,12.3,0.209,,4.6,1.7,6.3,5.9
298,Olden Polynice,C,31,SAC,81,2441,15.8,0.543,0.004,0.248,12.1,24.1,18.1,4.1,1.1,2,12.3,18.6,,2.5,2.8,5.3,0.105,,-0.4,-1.3,-1.7,0.2
299,Terry Porter,PG,32,MIN,82,2072,15.4,0.552,0.372,0.344,2.1,10.2,6.1,35.1,2.2,0.6,19.8,18.7,,2.3,1.3,3.7,0.085,,1.1,-0.7,0.4,1.2
300,Brent Price,PG,27,WSB,81,2042,17.5,0.655,0.564,0.358,2.2,10.7,6.6,29.7,2,0.1,19.8,16.9,,5.6,1.8,7.4,0.174,,3,0.1,3,2.6
301,Mark Price,PG,31,WSB,7,127,10.3,0.435,0.5,0.167,0.9,5.5,3.2,21.3,2.4,0,13.4,26.2,,-0.1,0.1,0,-0.011,,-1.4,-1.1,-2.5,0
302,Kevin Pritchard,PG,28,WSB,2,22,25.6,0.81,0.333,1,0,10.5,5.3,44.3,4.7,0,0,8.8,,0.1,0,0.2,0.384,,5.7,6.3,11.9,0.1
303,Dino Radja*,PF,28,BOS,53,1984,18,0.536,0,0.323,6.2,23.7,14.7,7.2,1.2,2.9,10.7,23.6,,1.8,2.2,4,0.096,,0.2,-0.5,-0.3,0.9
304,Theo Ratliff,C,22,DET,75,1305,14,0.603,0.004,0.522,10.6,16.7,13.8,1.6,0.7,7.1,16.5,12.4,,1.6,2.2,3.8,0.141,,-1.4,2,0.6,0.9
305,Eldridge Recasner,SG,28,HOU,63,1275,12.3,0.562,0.532,0.184,2.8,9.8,6.4,20.2,0.9,0.3,13.6,15.8,,1.9,0.8,2.6,0.099,,0.2,-0.9,-0.7,0.4
306,Bryant Reeves,C,22,VAN,77,2460,13.4,0.506,0.003,0.341,8.2,19.4,13.6,8.3,0.9,1.7,13.5,21.6,,0,2.3,2.3,0.045,,-2.4,-1.2,-3.7,-1
307,Khalid Reeves,PG,23,TOT,51,833,11.1,0.53,0.401,0.361,2.5,8.6,5.5,22.1,2.3,0.3,19.3,17.4,,0.5,0.6,1.1,0.064,,-2.8,0,-2.9,-0.2
307,Khalid Reeves,PG,23,CHH,20,418,15.1,0.577,0.305,0.432,3.1,8.6,5.8,26.4,2,0.2,17.6,18.4,,0.8,0.2,1,0.111,,0,-0.6,-0.6,0.1
307,Khalid Reeves,PG,23,NJN,31,415,7.2,0.477,0.505,0.284,1.8,8.7,5.2,17.7,2.7,0.4,21.2,16.4,,-0.3,0.5,0.1,0.017,,-5.7,0.6,-5.1,-0.3
308,Don Reid,PF,22,DET,69,997,12.1,0.595,0,0.412,9.8,14.6,12.3,1.8,2.6,3.2,15.7,12.5,,1.1,1.8,2.9,0.141,,-3.3,2.6,-0.6,0.3
309,J.R. Reid,PF,27,TOT,65,1313,10.6,0.552,0.003,0.438,6.6,15.4,11.2,5,1.7,1,17,16.2,,0.5,2,2.5,0.091,,-3.9,0.6,-3.2,-0.4
309,J.R. Reid,PF,27,SAS,32,643,8.6,0.514,0.006,0.53,6.3,14.7,10.7,3.2,2,1.1,19.5,17.6,,-0.4,1,0.6,0.048,,-5.3,0.8,-4.6,-0.4
309,J.R. Reid,PF,27,NYK,33,670,12.6,0.594,0,0.344,6.9,16.2,11.7,6.7,1.4,0.8,14,14.9,,0.9,1,1.8,0.133,,-2.4,0.5,-1.9,0
310,Terrence Rencher,PG,22,TOT,36,405,6.5,0.441,0.29,0.46,2.7,9.8,6.3,20.4,2.1,0.4,26.3,18.3,,-0.7,0.5,-0.2,-0.021,,-4.5,0.5,-4,-0.2
310,Terrence Rencher,PG,22,MIA,34,397,6.5,0.437,0.293,0.434,2.7,9.5,6.2,20.8,2.1,0.2,25.8,18.2,,-0.7,0.5,-0.1,-0.016,,-4.4,0.5,-3.9,-0.2
310,Terrence Rencher,PG,22,PHO,2,8,4.4,0.647,0,3,0,28.5,14.5,0,0,9.3,46.3,24,,0,0,0,-0.225,,-6,0.4,-5.6,0
311,Shawn Respert,SG,23,MIL,62,845,10.8,0.488,0.418,0.144,4,6.8,5.4,12.7,2,0.4,11.9,19.1,,0.2,0.3,0.5,0.027,,-1,-0.9,-1.9,0
312,Jerry Reynolds,SF,33,MIL,19,191,11.2,0.45,0.189,0.396,8.2,13.1,10.6,9.5,4.2,2.4,20.4,18.7,,-0.3,0.2,0,-0.002,,-2.3,2.7,0.4,0.1
313,Glen Rice,SF,28,CHH,79,3142,17.8,0.584,0.311,0.294,3.3,11.5,7.3,12.6,1.5,0.5,10,23.4,,7.2,1.2,8.3,0.127,,2.6,-1.2,1.4,2.7
314,Pooh Richardson,PG,29,LAC,63,2013,14.5,0.517,0.369,0.158,2.1,7.5,4.7,25.9,2,0.5,11.8,17.8,,3,0.8,3.8,0.091,,0.9,-0.9,0,1
315,Mitch Richmond*,SG,30,SAC,81,2946,19.2,0.591,0.376,0.359,2.1,8.5,5.3,15.9,2.2,0.5,12.2,26.9,,7.2,2.1,9.3,0.151,,3.9,-0.4,3.5,4.1
316,Isaiah Rider,SG,24,MIN,75,2594,15.6,0.55,0.228,0.245,4.6,9.7,7.1,15.3,0.9,0.7,13.1,26.3,,2.6,0.8,3.4,0.063,,1.3,-2.2,-0.9,0.7
317,Eric Riley,C,25,MIN,25,310,12,0.533,0.014,0.378,12.4,17,14.7,2.5,1.3,3.9,16.5,14.8,,0.2,0.3,0.5,0.071,,-3.2,-0.6,-3.8,-0.1
318,Doc Rivers,PG,34,SAS,78,1235,9.6,0.489,0.472,0.221,2.8,9.4,6.2,14.1,3,1.2,15.2,13.7,,0.2,2,2.2,0.087,,-2.9,3.1,0.2,0.7
319,Fred Roberts,C,35,LAL,33,317,14.1,0.558,0.144,0.289,6.8,10.4,8.6,12.3,2.6,0.9,18,18.9,,0.2,0.4,0.6,0.086,,-0.3,0.2,-0.1,0.1
320,Stanley Roberts,C,25,LAC,51,795,12.8,0.491,0,0.438,6.2,18.5,12.2,8.4,1,3.7,11.7,23,,0,0.7,0.7,0.04,,-4.4,-0.4,-4.8,-0.6
321,Alvin Robertson,SG,33,TOR,77,2478,12.7,0.531,0.249,0.26,5.3,11.2,8.2,19.7,3.5,1.1,21.3,15.3,,0.9,1.9,2.8,0.054,,-1.9,1.2,-0.7,0.8
322,Clifford Robinson,SF,29,POR,78,2980,16.3,0.532,0.361,0.415,4.7,12.2,8.5,10.9,1.5,1.7,11.2,25.6,,3.9,4.2,8,0.13,,1.7,0.4,2.1,3
323,David Robinson*,C,30,SAS,82,3019,29.4,0.589,0.007,0.597,12.3,24.2,18.4,14.6,1.9,6.4,9.8,28.8,,11.1,7.2,18.3,0.29,,5.8,3.1,8.9,8.3
324,Glenn Robinson,SF,23,MIL,82,3249,15.9,0.534,0.19,0.281,5,14.1,9.5,15.7,1.6,1,15.4,25.8,,1.8,1.7,3.5,0.052,,1.2,-1.2,0,1.6
325,James Robinson,PG,25,POR,76,1627,10.6,0.512,0.495,0.235,3.1,7.9,5.5,14.7,1.1,0.7,14.9,20,,0.6,1.7,2.3,0.068,,-1.1,-0.3,-1.4,0.3
326,Rumeal Robinson,PG,29,POR,43,715,11.8,0.507,0.357,0.231,3,9.4,6.2,31,1.9,0.5,22.8,19.3,,0.1,0.9,1,0.069,,-1.5,0.4,-1.1,0.2
327,Dennis Rodman*,PF,34,CHI,64,2088,13.6,0.501,0.089,0.349,19.9,33.2,26.6,10,0.9,1,28.2,10.3,,1.7,4.6,6.2,0.143,,-0.3,0.3,0,1.1
328,Lou Roe,SF,23,DET,49,372,9,0.432,0.1,0.356,10.1,15,12.7,6.5,1.5,1.7,14,15.5,,-0.1,0.5,0.4,0.053,,-3.1,0.1,-3,-0.1
329,Carlos Rogers,PF,24,TOR,56,1043,13.9,0.536,0.061,0.378,9.1,10.3,9.7,5.5,1.2,3.5,13.2,19.5,,0.6,0.3,0.9,0.042,,-1,-1.5,-2.5,-0.1
330,Rodney Rogers,SF,24,LAC,67,1950,13.5,0.537,0.239,0.281,6.8,10.9,8.8,13.5,2,1.3,16.7,19.8,,1.1,1.2,2.3,0.058,,-0.6,-0.5,-1.1,0.5
331,Sean Rooks,C,26,TOT,65,1117,13.4,0.567,0.025,0.709,8.6,18.7,13.6,6.7,1.1,2.9,17.6,18.1,,0.8,1,1.8,0.078,,-2.1,-0.4,-2.5,-0.1
331,Sean Rooks,C,26,MIN,49,902,13.3,0.557,0.026,0.7,8,19.1,13.5,6.7,1.1,2.4,14.2,17,,0.9,0.8,1.7,0.088,,-1.4,-0.4,-1.9,0
331,Sean Rooks,C,26,ATL,16,215,13.7,0.605,0.017,0.741,11.1,17.2,14,6.9,1,5,28.7,22.6,,-0.1,0.3,0.2,0.036,,-4.9,0,-4.9,-0.2
332,Jalen Rose,SG,23,DEN,80,2134,14.3,0.553,0.179,0.459,2.5,11.6,7,37.4,1.3,1.3,24.4,20.1,,1.2,1.7,2.9,0.065,,0,-0.6,-0.6,0.7
333,Donald Royal,SF,29,ORL,64,963,12.7,0.585,0.009,0.759,7.1,11.3,9.3,6.3,1.6,1.1,15.3,16,,1.4,0.9,2.3,0.113,,-1.9,-0.6,-2.4,-0.1
334,Clifford Rozier,C,23,GSW,59,723,10.6,0.578,0.015,0.407,11.2,16.1,13.6,4.6,1.4,3,20.1,12,,0.4,0.6,1.1,0.072,,-3.3,0.3,-2.9,-0.2
335,Trevor Ruffin,PG,25,PHI,61,1551,14.8,0.534,0.438,0.281,1.5,8.5,4.9,32.2,1.4,0.1,17,25.3,,1.2,0,1.2,0.037,,0.9,-2.9,-2,0
336,Stefano Rusconi,PF,27,PHO,7,30,2.4,0.357,0,0.556,11.8,11.4,11.6,14.5,0,5,21.1,21.1,,-0.1,0,-0.1,-0.104,,-11.1,-0.3,-11.4,-0.1
337,Bryon Russell,SF,25,UTA,59,577,10,0.507,0.282,0.472,6.1,12.8,9.6,7.2,2.7,1.2,17.4,16.5,,0,0.8,0.8,0.064,,-2.4,0.8,-1.6,0.1
338,Arvydas Sabonis*,C,31,POR,73,1735,24.7,0.617,0.144,0.422,9.7,28.8,19.3,13.8,1.9,3.4,15.2,25.5,,4.5,3.9,8.4,0.233,,3.7,2.9,6.7,3.8
339,John Salley,PF,31,TOT,42,673,10,0.521,0,0.607,8,16.6,12.3,11.5,1.5,3.1,23.7,15.2,,0,0.7,0.6,0.045,,-4.1,0.8,-3.3,-0.2
339,John Salley,PF,31,TOR,25,482,10.6,0.558,0,0.619,6.4,17.6,12,12,1.2,1.9,22.6,15.8,,0.1,0.2,0.4,0.038,,-3.5,-0.1,-3.6,-0.2
339,John Salley,PF,31,CHI,17,191,8.7,0.411,0,0.571,12.2,14,13.1,10.2,2.2,6,26.8,13.8,,-0.2,0.4,0.2,0.062,,-5.8,3.1,-2.8,0
340,Danny Schayes,C,36,MIA,32,399,8.1,0.442,0,0.489,8.7,17.1,13,3.5,1.5,3.1,16.8,15.6,,-0.3,0.7,0.4,0.049,,-5.1,0.9,-4.1,-0.2
341,Steve Scheffler,C,28,SEA,35,181,10.3,0.543,0.111,0.422,10.3,11.2,10.8,1.7,1.7,0.9,13,15.1,,0.1,0.3,0.4,0.096,,-3,-0.9,-3.9,-0.1
342,Dwayne Schintzius,C,27,IND,33,297,11.9,0.465,0,0.191,10,22.4,16.4,8,1.6,3.2,13.7,21.4,,-0.1,0.5,0.3,0.054,,-3.9,0.1,-3.8,-0.1
343,Detlef Schrempf,SF,33,SEA,63,2200,17.3,0.598,0.242,0.5,4.1,13.1,8.8,20.6,1.3,0.3,13.9,21.3,,5.3,2.9,8.2,0.179,,2.5,-0.1,2.5,2.5
344,Byron Scott,SG,34,VAN,80,1894,13,0.523,0.327,0.359,2.4,9.8,5.9,11.7,1.8,0.9,11.3,21.3,,1,1.3,2.3,0.059,,-0.8,-0.6,-1.3,0.3
345,Dennis Scott,SF,27,ORL,82,3041,16.1,0.589,0.562,0.199,2.5,9.2,5.9,12.4,1.5,0.7,9.1,19.9,,6.4,2.4,8.8,0.138,,2.9,-0.6,2.3,3.3
346,Malik Sealy,SF,25,LAC,62,1601,13.8,0.484,0.153,0.281,5.6,12.5,9,11.6,2.7,1.3,13.3,23.7,,-0.2,1.4,1.2,0.036,,-1.6,-0.2,-1.9,0.1
347,Rony Seikaly,C,30,GSW,64,1813,14.2,0.561,0.005,0.496,10.4,21.4,15.8,6.4,1.1,2.8,20.6,20.9,,0.5,1.8,2.3,0.061,,-2.5,-1,-3.4,-0.7
348,Brian Shaw,PG,29,ORL,75,1679,10.2,0.463,0.296,0.235,4.1,11.3,7.8,28.7,1.8,0.5,24.4,19.1,,-1,1.6,0.6,0.018,,-2.4,-0.7,-3.1,-0.4
349,Lionel Simmons,SF,27,SAC,54,810,11.6,0.492,0.235,0.346,5.8,14.9,10.4,15.9,2,1.9,16.9,16.3,,0.2,0.8,1.1,0.062,,-1.1,0.8,-0.3,0.3
350,Dickey Simpkins,PF,23,CHI,60,685,10.4,0.533,0.006,0.606,11.2,15.3,13.3,7.7,0.7,0.9,21.6,16.7,,0.2,1,1.2,0.084,,-2.9,-0.8,-3.7,-0.3
351,Scott Skiles,PG,31,PHI,10,236,9,0.513,0.596,0.175,0.5,7.5,3.9,25.8,1.5,0,20.7,14.7,,0.1,0,0.1,0.014,,-2.2,-2,-4.2,-0.1
352,Reggie Slater,PF,25,TOT,11,72,9.5,0.515,0,0.259,6.1,17.6,11.6,5.3,1.4,3.1,23,23.5,,-0.2,0.1,-0.1,-0.043,,-5.8,-0.5,-6.3,-0.1
352,Reggie Slater,PF,25,POR,4,20,8.8,0.6,0,0,0,17,8.5,0,2.6,7.5,37.5,17.5,,-0.1,0,0,-0.04,,-6.2,2.6,-3.6,0
352,Reggie Slater,PF,25,DEN,4,26,17.2,0.53,0,0.455,13.3,17.8,15.6,14.6,2,2.8,18.5,27.8,,0,0,0,0.038,,-1,-0.2,-1.2,0
352,Reggie Slater,PF,25,DAL,3,26,2.4,0.463,0,0.182,3.7,17.7,10.1,0,0,0,20.2,23.8,,-0.1,0,-0.1,-0.126,,-10.3,-3.1,-13.4,-0.1
353,Charles Smith,PG,28,MIN,8,39,-2.2,0.276,0.3,0.2,0,15.3,7.7,22.8,1.3,0,31.5,18,,-0.2,0,-0.2,-0.212,,-13.3,-2.7,-15.9,-0.1
354,Charles Smith,PF,30,TOT,73,1716,11.3,0.469,0.026,0.282,9.2,14.8,12.1,6,1.5,3.5,14,20.2,,-1,2.9,1.9,0.053,,-3.9,0.6,-3.4,-0.6
354,Charles Smith,PF,30,NYK,41,890,9.1,0.446,0.051,0.35,8.1,13.1,10.6,5.2,1.1,4.4,15.2,21,,-1.2,1.4,0.2,0.013,,-5.2,0.6,-4.7,-0.6
354,Charles Smith,PF,30,SAS,32,826,13.7,0.493,0,0.211,10.4,16.6,13.6,6.8,2,2.5,12.7,19.4,,0.2,1.5,1.7,0.096,,-2.5,0.6,-1.9,0
355,Doug Smith,PF,26,BOS,17,92,4.2,0.388,0,0.205,14.3,12.5,13.4,6.8,1.6,0,20.6,25,,-0.3,0.1,-0.2,-0.123,,-8.9,-3.3,-12.2,-0.2
356,Joe Smith,PF,20,GSW,82,2821,17.2,0.523,0.027,0.383,12.1,17.2,14.6,4.6,1.5,3.4,10.3,20.6,,4.1,2.7,6.8,0.116,,0.3,-1,-0.7,0.9
357,Kenny Smith,PG,30,HOU,68,1617,12.5,0.568,0.513,0.228,1.5,5.1,3.4,23.2,1.5,0.1,16.4,17,,2,0.8,2.9,0.085,,-0.3,-1.3,-1.6,0.2
358,Michael Smith,PF,23,SAC,65,1384,14.2,0.565,0.004,0.744,11.9,20.6,16.3,12.3,1.7,2.5,18.6,12.3,,1.4,1.7,3.1,0.108,,-0.4,1.2,0.8,1
359,Steve Smith,SG,26,ATL,80,2856,16.6,0.551,0.37,0.337,4.9,8.7,6.7,13.4,1.3,0.5,10.3,23,,6.4,1.5,7.9,0.133,,2.3,-1.3,1,2.1
360,Tony Smith,SG,27,TOT,59,938,11.7,0.506,0.423,0.168,3.8,7.9,5.9,25.6,2.1,0.8,18.3,17.2,,0.4,0.9,1.3,0.065,,-1,0,-1,0.2
360,Tony Smith,SG,27,PHO,34,528,12.2,0.499,0.445,0.214,5.3,6.9,6.1,24.7,2,0.7,17.4,19.3,,0.2,0.3,0.5,0.045,,-0.2,-0.9,-1.1,0.1
360,Tony Smith,SG,27,MIA,25,410,11,0.519,0.386,0.089,1.7,9.2,5.5,26.7,2.1,1,19.9,14.5,,0.2,0.6,0.8,0.091,,-2.1,1.2,-0.9,0.1
361,Rik Smits,C,29,IND,63,1901,19,0.569,0.006,0.328,8.1,20,14.2,11.4,0.6,1.9,13.5,28.6,,2.9,2.1,5,0.127,,1,-0.5,0.5,1.2
362,Eric Snow,PG,22,SEA,43,389,10.7,0.473,0.1,0.49,2.9,9.9,6.5,28.2,3.7,0,23.8,18.3,,-0.2,0.7,0.5,0.061,,-4,1.6,-2.4,0
363,Elmore Spencer,C,26,TOT,17,58,2.3,0.448,0,0.462,5.9,19.7,12.8,2.7,0,2.6,27.7,16.4,,-0.1,0.1,-0.1,-0.056,,-9.7,-0.3,-10,-0.1
363,Elmore Spencer,C,26,DEN,6,21,-11.2,0,0,0,5.5,16.6,11,0,0,0,75,8.5,,-0.1,0,-0.1,-0.209,,-17.7,-1.5,-19.2,-0.1
363,Elmore Spencer,C,26,POR,11,37,10,0.478,0,0.5,6.2,21.5,13.9,4.3,0,4,17,20.9,,0,0.1,0,0.032,,-5.2,0.4,-4.8,0
364,Felton Spencer,C,28,UTA,71,1267,10.4,0.57,0,0.537,9.9,19.4,14.8,1.3,0.8,3.6,18.1,15.3,,0.7,1.7,2.4,0.089,,-4.3,-0.2,-4.5,-0.8
365,Latrell Sprewell,SG,25,GSW,78,3064,15.9,0.527,0.235,0.371,4.6,9.7,7.1,17.7,2.1,1.1,13.7,23,,3.6,1.9,5.5,0.086,,1.3,-0.6,0.7,2.1
366,Jerry Stackhouse,SG,21,PHI,72,2701,14.8,0.525,0.268,0.475,3.7,7.7,5.7,19,1.5,2.1,16,26,,0.8,0.4,1.2,0.021,,0.7,-1.7,-1,0.7
367,John Starks,SG,30,NYK,81,2491,14.2,0.555,0.468,0.206,1.5,9.5,5.6,20.8,2.2,0.3,14.5,20.2,,2.3,3.4,5.7,0.11,,0.2,0.8,1,1.9
368,Bryant Stith,SG,25,DEN,82,2810,13.9,0.519,0.162,0.416,5.1,11.3,8.2,13.8,2.1,0.4,12.7,19.6,,2.7,2.5,5.2,0.089,,-0.8,0.2,-0.6,1
369,John Stockton*,PG,33,UTA,82,2915,21.9,0.642,0.275,0.345,2.3,7.1,4.8,49.1,2.6,0.4,20.7,18.7,,10.1,2.9,13,0.214,,6,0.7,6.8,6.4
370,Damon Stoudamire,PG,22,TOR,70,2865,16.7,0.528,0.298,0.262,2.4,9.3,5.8,37.4,1.8,0.5,17.5,23.5,,3.7,0.6,4.3,0.072,,2.5,-2.4,0.1,1.6
371,Rod Strickland,PG,29,POR,67,2526,19.1,0.519,0.109,0.413,4,9.3,6.7,43.4,2,0.5,17.4,25.4,,3.8,3.3,7.1,0.136,,2.9,0.3,3.1,3.2
372,Derek Strong,PF,27,LAL,63,746,12.4,0.518,0.053,0.503,9.6,18.1,13.9,6,1.3,1.1,8.8,13.6,,1.1,0.8,1.9,0.125,,-1.3,-0.5,-1.8,0
373,Bob Sura,SG,22,CLE,79,1150,15,0.5,0.217,0.392,3.9,11.9,7.8,35.7,2.8,1.6,21.4,23.6,,0.2,1.5,1.6,0.069,,-0.7,0.8,0.1,0.6
374,Greg Sutton,PG,28,TOT,48,655,10.6,0.531,0.539,0.212,1.4,7.7,4.5,25.7,2,0.2,20.7,20.5,,0.1,0.1,0.2,0.016,,-2,-1.7,-3.6,-0.3
374,Greg Sutton,PG,28,CHH,18,190,11,0.531,0.42,0.38,2.5,7.2,4.8,30.3,2.2,0,22.6,17.9,,0.2,0.1,0.2,0.059,,-2.3,-0.7,-3,-0.1
374,Greg Sutton,PG,28,PHI,30,465,10.5,0.531,0.575,0.162,1,7.9,4.3,23.8,1.9,0.3,20.1,21.5,,-0.1,0.1,0,-0.002,,-1.8,-2.1,-3.9,-0.2
375,Larry Sykes,PF,22,BOS,1,2,0,,,,54.7,57.4,56,0,0,0,100,21.5,,0,0,0,-0.397,,-10.9,-6.9,-17.7,0
376,Žan Tabak,C,25,TOR,67,1332,12.4,0.554,0.002,0.275,10.4,18.3,14.3,7.6,0.9,1.8,17.9,18.7,,0.4,0.6,1.1,0.038,,-3,-1.5,-4.6,-0.9
377,Kurt Thomas,PF,23,MIA,74,1655,13.5,0.533,0.004,0.325,8.8,21.8,15.5,4.9,1.5,1.7,13.5,19.9,,0.8,3,3.8,0.11,,-2.6,0.8,-1.8,0.1
378,Brooks Thompson,PG,25,ORL,33,246,16.9,0.609,0.621,0.262,1.9,9.3,5.7,20.6,2.6,0,17.3,25.5,,0.4,0.3,0.6,0.121,,1.2,-0.1,1.1,0.2
379,LaSalle Thompson,C,34,PHI,44,773,6.2,0.454,0,0.289,9,21,14.9,5.1,1.3,1.9,28.3,7.5,,-0.3,0.5,0.2,0.013,,-6,0.2,-5.8,-0.7
380,Bob Thornton,PF,33,WSB,7,31,4.1,0.218,0,0.333,23.2,22.3,22.8,0,1.7,0,12.7,11.4,,0,0,0,0.001,,-7.8,-4.6,-12.4,-0.1
381,Otis Thorpe,PF,33,DET,82,2841,15.7,0.573,0.005,0.424,9.3,19.6,14.6,10.1,1,1.1,16.2,20.3,,3.5,4.1,7.6,0.128,,-0.4,0.1,-0.4,1.2
382,Sedale Threatt,PG,34,LAL,82,1687,13.2,0.535,0.321,0.135,1.4,5.1,3.3,23.7,2.1,0.5,11.7,16.8,,2.4,1.3,3.7,0.105,,-0.8,0,-0.7,0.6
383,Wayman Tisdale,PF,31,PHO,63,1152,16.4,0.534,0,0.264,5.6,15.7,10.8,9.2,0.7,2.3,9.1,26.8,,1.2,0.8,2,0.083,,-1.5,-1.1,-2.6,-0.2
384,Andy Toolson,SF,30,UTA,13,53,4.4,0.463,0.545,0.182,0,13.5,6.9,2.9,0,0,7.8,22.2,,0,0,0,-0.003,,-7.1,-3.2,-10.3,-0.1
385,Keith Tower,C,25,LAC,34,305,7.5,0.491,0.014,0.361,8.5,11.6,10.1,2.4,0.7,2.7,16.1,14.5,,0,0.1,0.1,0.014,,-4.9,-1.4,-6.3,-0.3
386,Gary Trent,PF,21,POR,69,1219,12.4,0.527,0.021,0.329,7.9,14.3,11.1,7,1.1,0.7,15.8,21,,0.1,1.6,1.7,0.065,,-2.6,-0.3,-2.9,-0.3
387,Jeff Turner,PF,33,ORL,13,192,3.6,0.453,0.529,0.039,6.2,10.7,8.5,4.4,0.5,0.4,17.5,14.8,,-0.2,0.1,-0.1,-0.015,,-5.9,-2.3,-8.2,-0.3
388,Nick Van Exel,PG,24,LAL,74,2513,15.9,0.528,0.424,0.215,1.4,6.9,4.2,30.7,1.4,0.3,13,21.4,,4.2,1.6,5.7,0.109,,2.3,-1.8,0.6,1.6
389,Logan Vander Velden,SF,24,LAC,15,31,1.8,0.286,0.357,0.286,3.8,19.7,11.6,4.6,0,0,0,22.7,,-0.1,0,-0.1,-0.124,,-8.9,-5,-13.9,-0.1
390,David Vaughn,PF,22,ORL,33,266,6,0.364,0.013,0.225,14.8,20.1,17.5,4.3,1.2,4.2,17,18,,-0.5,0.4,-0.1,-0.013,,-9.4,-1.5,-10.9,-0.6
391,Loy Vaught,PF,27,LAC,80,2966,16.7,0.551,0.017,0.189,8.1,24.9,16.4,6.3,1.5,1,11.8,20.1,,3.4,2.9,6.3,0.102,,0.1,-1,-0.9,0.8
392,Rasheed Wallace,PF,21,WSB,65,1788,11.8,0.53,0.145,0.212,6.2,13.6,10,7.3,1.2,2.2,14.3,18,,0.6,1.8,2.3,0.063,,-1.6,0.2,-1.4,0.3
393,Rex Walters,SG,25,TOT,44,610,12.8,0.544,0.446,0.351,2.4,8.1,5.2,28.4,2.1,0.5,19.4,15.5,,0.7,0.2,0.9,0.068,,-1,-0.5,-1.5,0.1
393,Rex Walters,SG,25,NJN,11,87,10.3,0.463,0.364,0.182,2.5,6.5,4.4,21.6,1.8,0,16.4,21.4,,0,0.1,0,0.017,,-1.3,-0.3,-1.6,0
393,Rex Walters,SG,25,PHI,33,523,13.2,0.566,0.47,0.4,2.4,8.4,5.3,29.5,2.2,0.6,20.1,14.5,,0.7,0.1,0.8,0.076,,-1,-0.5,-1.5,0.1
394,Charlie Ward,PG,25,NYK,62,787,12,0.505,0.454,0.248,4.5,10.7,7.7,25.9,3.6,0.6,24.6,19,,-0.4,1.4,1,0.064,,-2.2,2.1,0,0.4
395,Jamie Watson,SF,23,UTA,16,217,6.9,0.493,0.163,0.302,2.9,12.1,7.6,15.6,2,0.8,25.9,13.9,,-0.2,0.2,0.1,0.02,,-3.9,1,-2.9,0
396,Clarence Weatherspoon,SF,25,PHI,78,3096,17.1,0.541,0.002,0.42,8.6,19.8,14,9.3,1.9,2.6,13,19.9,,3.4,2.4,5.8,0.089,,0.1,-0.3,-0.2,1.4
397,Spud Webb,PG,32,TOT,77,1462,14.8,0.551,0.3,0.337,2,6.2,4.1,32.1,1.9,0.4,18.2,18.4,,2.3,0.7,3,0.099,,0.9,-1.2,-0.3,0.6
397,Spud Webb,PG,32,ATL,51,817,15.3,0.576,0.257,0.392,2.6,6.2,4.3,27.2,1.8,0.2,16.4,17.1,,1.8,0.4,2.2,0.132,,0.6,-0.9,-0.3,0.4
397,Spud Webb,PG,32,MIN,26,645,14.3,0.522,0.346,0.279,1.3,6.1,3.7,38.2,2,0.6,20.2,20.1,,0.5,0.3,0.8,0.058,,1.2,-1.6,-0.4,0.3
398,Chris Webber*,PF,22,WSB,15,558,23.6,0.581,0.123,0.25,8,15.9,12,24.9,2.5,1.2,13.8,28.5,,1.2,0.7,1.9,0.165,,5.1,0.6,5.7,1.1
399,Jeff Webster,SF,24,WSB,11,58,7,0.391,0.261,0,4.1,9.9,7.1,7.7,3.5,0,11.5,20,,-0.1,0.1,0,-0.03,,-4.8,-0.2,-4.9,0
